-- phpMyAdmin SQL Dump
-- version 5.1.1
-- https://www.phpmyadmin.net/
--
-- Host: 127.0.0.1:3306
-- Generation Time: Jun 30, 2022 at 10:50 AM
-- Server version: 10.5.12-MariaDB-cll-lve
-- PHP Version: 7.2.34

SET SQL_MODE = "NO_AUTO_VALUE_ON_ZERO";
START TRANSACTION;
SET time_zone = "+00:00";


/*!40101 SET @OLD_CHARACTER_SET_CLIENT=@@CHARACTER_SET_CLIENT */;
/*!40101 SET @OLD_CHARACTER_SET_RESULTS=@@CHARACTER_SET_RESULTS */;
/*!40101 SET @OLD_COLLATION_CONNECTION=@@COLLATION_CONNECTION */;
/*!40101 SET NAMES utf8mb4 */;

--
-- Database: `u600126134_lms`
--

-- --------------------------------------------------------

--
-- Table structure for table `tbl_admin`
--

CREATE TABLE `tbl_admin` (
  `id` int(11) NOT NULL,
  `name` varchar(50) DEFAULT NULL,
  `email` varchar(50) DEFAULT NULL,
  `phone` varchar(20) DEFAULT NULL,
  `password` text DEFAULT NULL,
  `address` text DEFAULT NULL,
  `cid` int(11) DEFAULT NULL,
  `sid` int(11) DEFAULT NULL,
  `pincode` int(8) DEFAULT NULL,
  `wallet` varchar(50) DEFAULT NULL,
  `authority` varchar(20) DEFAULT NULL,
  `addedon` varchar(50) DEFAULT NULL,
  `status` varchar(15) NOT NULL DEFAULT 'active'
) ENGINE=InnoDB DEFAULT CHARSET=utf8mb4;

--
-- Dumping data for table `tbl_admin`
--

INSERT INTO `tbl_admin` (`id`, `name`, `email`, `phone`, `password`, `address`, `cid`, `sid`, `pincode`, `wallet`, `authority`, `addedon`, `status`) VALUES
(1, 'Super Admin', 'admin@gmail.com', '9643640464', '123456', 'Sector 49, Sohna Road', 1126, 13, 128001, '0', 'superadmin', NULL, 'active');

-- --------------------------------------------------------

--
-- Table structure for table `tbl_assign_audience_post`
--

CREATE TABLE `tbl_assign_audience_post` (
  `id` int(11) NOT NULL,
  `post_id` int(11) NOT NULL,
  `audience_id` int(11) NOT NULL
) ENGINE=InnoDB DEFAULT CHARSET=utf8mb4 COLLATE=utf8mb4_unicode_ci;

--
-- Dumping data for table `tbl_assign_audience_post`
--

INSERT INTO `tbl_assign_audience_post` (`id`, `post_id`, `audience_id`) VALUES
(16, 125, 2),
(24, 117, 2),
(25, 87, 1);

-- --------------------------------------------------------

--
-- Table structure for table `tbl_assign_class_post`
--

CREATE TABLE `tbl_assign_class_post` (
  `id` int(11) NOT NULL,
  `post_id` int(11) NOT NULL,
  `class_id` int(11) NOT NULL
) ENGINE=InnoDB DEFAULT CHARSET=utf8mb4 COLLATE=utf8mb4_unicode_ci;

--
-- Dumping data for table `tbl_assign_class_post`
--

INSERT INTO `tbl_assign_class_post` (`id`, `post_id`, `class_id`) VALUES
(52, 117, 12),
(53, 117, 13),
(54, 87, 12),
(55, 87, 1);

-- --------------------------------------------------------

--
-- Table structure for table `tbl_assign_section_post`
--

CREATE TABLE `tbl_assign_section_post` (
  `id` int(11) NOT NULL,
  `post_id` int(11) NOT NULL,
  `section_id` int(11) NOT NULL
) ENGINE=InnoDB DEFAULT CHARSET=utf8mb4 COLLATE=utf8mb4_unicode_ci;

--
-- Dumping data for table `tbl_assign_section_post`
--

INSERT INTO `tbl_assign_section_post` (`id`, `post_id`, `section_id`) VALUES
(15, 125, 2),
(23, 117, 1),
(24, 87, 1),
(25, 87, 2);

-- --------------------------------------------------------

--
-- Table structure for table `tbl_attendance_check`
--

CREATE TABLE `tbl_attendance_check` (
  `attendance_check_id` int(11) NOT NULL,
  `school_id` int(11) DEFAULT NULL,
  `class_id` int(11) DEFAULT NULL,
  `section_id` int(11) DEFAULT NULL,
  `date` varchar(30) DEFAULT NULL,
  `session` varchar(30) DEFAULT NULL,
  `addedon` varchar(30) DEFAULT NULL,
  `datetime` datetime DEFAULT NULL,
  `status` varchar(20) NOT NULL DEFAULT 'active'
) ENGINE=InnoDB DEFAULT CHARSET=latin1;

--
-- Dumping data for table `tbl_attendance_check`
--

INSERT INTO `tbl_attendance_check` (`attendance_check_id`, `school_id`, `class_id`, `section_id`, `date`, `session`, `addedon`, `datetime`, `status`) VALUES
(1, 12, 1, 1, '19/11/2021', 'ForeNoon', '1636209321', '2021-11-06 20:05:21', 'active'),
(2, 12, 1, 1, '05/11/2021', 'ForeNoon', '1636209850', '2021-11-06 20:14:10', 'active'),
(3, 12, 1, 1, '25/11/2021', 'ForeNoon', '1636713393', '2021-11-12 16:06:33', 'active'),
(4, 12, 1, 1, '12/11/2021', 'ForeNoon', '1636713926', '2021-11-12 16:15:26', 'active'),
(5, 12, 1, 1, '18/11/2021', 'ForeNoon', '1637214220', '2021-11-18 11:13:40', 'active'),
(6, 12, 1, 1, '11/11/2021', 'ForeNoon', '1638104138', '2021-11-28 18:25:38', 'active'),
(7, 12, 1, 1, '01/11/2021', 'ForeNoon', '1638163264', '2021-11-29 10:51:04', 'active'),
(8, 15, 12, 1, '29/11/2021', 'AfterNoon', '1638171041', '2021-11-29 13:00:41', 'active'),
(9, 12, 1, 1, '15/11/2021', 'ForeNoon', '1638205396', '2021-11-29 22:33:16', 'active'),
(10, 12, 1, 1, '02/12/2021', 'ForeNoon', '1638430365', '2021-12-02 13:02:45', 'active'),
(11, 12, 1, 1, '07/12/2021', 'ForeNoon', '1638853743', '2021-12-07 10:39:03', 'active'),
(12, 12, 1, 1, '01/12/2021', 'ForeNoon', '1638853959', '2021-12-07 10:42:39', 'active'),
(13, 12, 1, 1, '10/01/2022', 'ForeNoon', '1641792478', '2022-01-10 10:57:58', 'active'),
(14, 12, 1, 1, '11/01/2022', 'ForeNoon', '1641802245', '2022-01-10 13:40:45', 'active'),
(15, 12, 1, 1, '11/01/2022', 'AfterNoon', '1641890904', '2022-01-11 14:18:24', 'active'),
(16, 12, 1, 1, '25/01/2022', 'ForeNoon', '1643201219', '2022-01-26 18:16:59', 'active'),
(17, 12, 1, 1, '14/03/2022', 'ForeNoon', '1647277370', '2022-03-14 22:32:50', 'active'),
(18, 12, 1, 1, '01/03/2022', 'ForeNoon', '1647322717', '2022-03-15 11:08:37', 'active'),
(19, 12, 1, 1, '15/03/2022', 'ForeNoon', '1647324807', '2022-03-15 11:43:27', 'active'),
(20, 12, 1, 1, '18/04/2022', 'ForeNoon', '1650281055', '2022-04-18 16:54:15', 'active'),
(21, 21, 20, 1, '14/05/2022', 'ForeNoon', '1652509612', '2022-05-14 11:56:52', 'active'),
(22, 12, 1, 1, '25/05/2022', 'ForeNoon', '1653457973', '2022-05-25 11:22:53', 'active');

-- --------------------------------------------------------

--
-- Table structure for table `tbl_audience_type`
--

CREATE TABLE `tbl_audience_type` (
  `id` int(11) NOT NULL,
  `name` varchar(255) COLLATE utf8mb4_unicode_ci NOT NULL,
  `status` varchar(50) COLLATE utf8mb4_unicode_ci NOT NULL
) ENGINE=InnoDB DEFAULT CHARSET=utf8mb4 COLLATE=utf8mb4_unicode_ci;

--
-- Dumping data for table `tbl_audience_type`
--

INSERT INTO `tbl_audience_type` (`id`, `name`, `status`) VALUES
(1, 'Teacher', 'active'),
(2, 'Student', 'active'),
(3, 'Non Teacher', 'active');

-- --------------------------------------------------------

--
-- Table structure for table `tbl_city`
--

CREATE TABLE `tbl_city` (
  `id` int(11) NOT NULL,
  `name` varchar(100) DEFAULT NULL,
  `sid` int(11) NOT NULL,
  `status` varchar(15) NOT NULL DEFAULT 'active'
) ENGINE=InnoDB DEFAULT CHARSET=utf8mb4;

--
-- Dumping data for table `tbl_city`
--

INSERT INTO `tbl_city` (`id`, `name`, `sid`, `status`) VALUES
(1, 'Bombuflat', 1, 'active'),
(2, 'Garacharma', 1, 'active'),
(3, 'Port Blair', 1, 'active'),
(4, 'Rangat', 1, 'active'),
(5, 'Addanki', 2, 'active'),
(6, 'Adivivaram', 2, 'active'),
(7, 'Adoni', 2, 'active'),
(8, 'Aganampudi', 2, 'active'),
(9, 'Ajjaram', 2, 'active'),
(10, 'Akividu', 2, 'active'),
(11, 'Akkarampalle', 2, 'active'),
(12, 'Akkayapalle', 2, 'active'),
(13, 'Akkireddipalem', 2, 'active'),
(14, 'Alampur', 2, 'active'),
(15, 'Amalapuram', 2, 'active'),
(16, 'Amudalavalasa', 2, 'active'),
(17, 'Amur', 2, 'active'),
(18, 'Anakapalle', 2, 'active'),
(19, 'Anantapur', 2, 'active'),
(20, 'Andole', 2, 'active'),
(21, 'Atmakur', 2, 'active'),
(22, 'Attili', 2, 'active'),
(23, 'Avanigadda', 2, 'active'),
(24, 'Badepalli', 2, 'active'),
(25, 'Badvel', 2, 'active'),
(26, 'Balapur', 2, 'active'),
(27, 'Bandarulanka', 2, 'active'),
(28, 'Banganapalle', 2, 'active'),
(29, 'Bapatla', 2, 'active'),
(30, 'Bapulapadu', 2, 'active'),
(31, 'Belampalli', 2, 'active'),
(32, 'Bestavaripeta', 2, 'active'),
(33, 'Betamcherla', 2, 'active'),
(34, 'Bhattiprolu', 2, 'active'),
(35, 'Bhimavaram', 2, 'active'),
(36, 'Bhimunipatnam', 2, 'active'),
(37, 'Bobbili', 2, 'active'),
(38, 'Bombuflat', 2, 'active'),
(39, 'Bommuru', 2, 'active'),
(40, 'Bugganipalle', 2, 'active'),
(41, 'Challapalle', 2, 'active'),
(42, 'Chandur', 2, 'active'),
(43, 'Chatakonda', 2, 'active'),
(44, 'Chemmumiahpet', 2, 'active'),
(45, 'Chidiga', 2, 'active'),
(46, 'Chilakaluripet', 2, 'active'),
(47, 'Chimakurthy', 2, 'active'),
(48, 'Chinagadila', 2, 'active'),
(49, 'Chinagantyada', 2, 'active'),
(50, 'Chinnachawk', 2, 'active'),
(51, 'Chintalavalasa', 2, 'active'),
(52, 'Chipurupalle', 2, 'active'),
(53, 'Chirala', 2, 'active'),
(54, 'Chittoor', 2, 'active'),
(55, 'Chodavaram', 2, 'active'),
(56, 'Choutuppal', 2, 'active'),
(57, 'Chunchupalle', 2, 'active'),
(58, 'Cuddapah', 2, 'active'),
(59, 'Cumbum', 2, 'active'),
(60, 'Darnakal', 2, 'active'),
(61, 'Dasnapur', 2, 'active'),
(62, 'Dauleshwaram', 2, 'active'),
(63, 'Dharmavaram', 2, 'active'),
(64, 'Dhone', 2, 'active'),
(65, 'Dommara Nandyal', 2, 'active'),
(66, 'Dowlaiswaram', 2, 'active'),
(67, 'East Godavari Dist.', 2, 'active'),
(68, 'Eddumailaram', 2, 'active'),
(69, 'Edulapuram', 2, 'active'),
(70, 'Ekambara kuppam', 2, 'active'),
(71, 'Eluru', 2, 'active'),
(72, 'Enikapadu', 2, 'active'),
(73, 'Fakirtakya', 2, 'active'),
(74, 'Farrukhnagar', 2, 'active'),
(75, 'Gaddiannaram', 2, 'active'),
(76, 'Gajapathinagaram', 2, 'active'),
(77, 'Gajularega', 2, 'active'),
(78, 'Gajuvaka', 2, 'active'),
(79, 'Gannavaram', 2, 'active'),
(80, 'Garacharma', 2, 'active'),
(81, 'Garimellapadu', 2, 'active'),
(82, 'Giddalur', 2, 'active'),
(83, 'Godavarikhani', 2, 'active'),
(84, 'Gopalapatnam', 2, 'active'),
(85, 'Gopalur', 2, 'active'),
(86, 'Gorrekunta', 2, 'active'),
(87, 'Gudivada', 2, 'active'),
(88, 'Gudur', 2, 'active'),
(89, 'Guntakal', 2, 'active'),
(90, 'Guntur', 2, 'active'),
(91, 'Guti', 2, 'active'),
(92, 'Hindupur', 2, 'active'),
(93, 'Hukumpeta', 2, 'active'),
(94, 'Ichchapuram', 2, 'active'),
(95, 'Isnapur', 2, 'active'),
(96, 'Jaggayyapeta', 2, 'active'),
(97, 'Jallaram Kamanpur', 2, 'active'),
(98, 'Jammalamadugu', 2, 'active'),
(99, 'Jangampalli', 2, 'active'),
(100, 'Jarjapupeta', 2, 'active'),
(101, 'Kadiri', 2, 'active'),
(102, 'Kaikalur', 2, 'active'),
(103, 'Kakinada', 2, 'active'),
(104, 'Kallur', 2, 'active'),
(105, 'Kalyandurg', 2, 'active'),
(106, 'Kamalapuram', 2, 'active'),
(107, 'Kamareddi', 2, 'active'),
(108, 'Kanapaka', 2, 'active'),
(109, 'Kanigiri', 2, 'active'),
(110, 'Kanithi', 2, 'active'),
(111, 'Kankipadu', 2, 'active'),
(112, 'Kantabamsuguda', 2, 'active'),
(113, 'Kanuru', 2, 'active'),
(114, 'Karnul', 2, 'active'),
(115, 'Katheru', 2, 'active'),
(116, 'Kavali', 2, 'active'),
(117, 'Kazipet', 2, 'active'),
(118, 'Khanapuram Haveli', 2, 'active'),
(119, 'Kodar', 2, 'active'),
(120, 'Kollapur', 2, 'active'),
(121, 'Kondapalem', 2, 'active'),
(122, 'Kondapalle', 2, 'active'),
(123, 'Kondukur', 2, 'active'),
(124, 'Kosgi', 2, 'active'),
(125, 'Kothavalasa', 2, 'active'),
(126, 'Kottapalli', 2, 'active'),
(127, 'Kovur', 2, 'active'),
(128, 'Kovurpalle', 2, 'active'),
(129, 'Kovvur', 2, 'active'),
(130, 'Krishna', 2, 'active'),
(131, 'Kuppam', 2, 'active'),
(132, 'Kurmannapalem', 2, 'active'),
(133, 'Kurnool', 2, 'active'),
(134, 'Lakshettipet', 2, 'active'),
(135, 'Lalbahadur Nagar', 2, 'active'),
(136, 'Machavaram', 2, 'active'),
(137, 'Macherla', 2, 'active'),
(138, 'Machilipatnam', 2, 'active'),
(139, 'Madanapalle', 2, 'active'),
(140, 'Madaram', 2, 'active'),
(141, 'Madhuravada', 2, 'active'),
(142, 'Madikonda', 2, 'active'),
(143, 'Madugule', 2, 'active'),
(144, 'Mahabubnagar', 2, 'active'),
(145, 'Mahbubabad', 2, 'active'),
(146, 'Malkajgiri', 2, 'active'),
(147, 'Mamilapalle', 2, 'active'),
(148, 'Mancheral', 2, 'active'),
(149, 'Mandapeta', 2, 'active'),
(150, 'Mandasa', 2, 'active'),
(151, 'Mangalagiri', 2, 'active'),
(152, 'Manthani', 2, 'active'),
(153, 'Markapur', 2, 'active'),
(154, 'Marturu', 2, 'active'),
(155, 'Metpalli', 2, 'active'),
(156, 'Mindi', 2, 'active'),
(157, 'Mirpet', 2, 'active'),
(158, 'Moragudi', 2, 'active'),
(159, 'Mothugudam', 2, 'active'),
(160, 'Nagari', 2, 'active'),
(161, 'Nagireddipalle', 2, 'active'),
(162, 'Nandigama', 2, 'active'),
(163, 'Nandikotkur', 2, 'active'),
(164, 'Nandyal', 2, 'active'),
(165, 'Narasannapeta', 2, 'active'),
(166, 'Narasapur', 2, 'active'),
(167, 'Narasaraopet', 2, 'active'),
(168, 'Narayanavanam', 2, 'active'),
(169, 'Narsapur', 2, 'active'),
(170, 'Narsingi', 2, 'active'),
(171, 'Narsipatnam', 2, 'active'),
(172, 'Naspur', 2, 'active'),
(173, 'Nathayyapalem', 2, 'active'),
(174, 'Nayudupeta', 2, 'active'),
(175, 'Nelimaria', 2, 'active'),
(176, 'Nellore', 2, 'active'),
(177, 'Nidadavole', 2, 'active'),
(178, 'Nuzvid', 2, 'active'),
(179, 'Omerkhan daira', 2, 'active'),
(180, 'Ongole', 2, 'active'),
(181, 'Osmania University', 2, 'active'),
(182, 'Pakala', 2, 'active'),
(183, 'Palakole', 2, 'active'),
(184, 'Palakurthi', 2, 'active'),
(185, 'Palasa', 2, 'active'),
(186, 'Palempalle', 2, 'active'),
(187, 'Palkonda', 2, 'active'),
(188, 'Palmaner', 2, 'active'),
(189, 'Pamur', 2, 'active'),
(190, 'Panjim', 2, 'active'),
(191, 'Papampeta', 2, 'active'),
(192, 'Parasamba', 2, 'active'),
(193, 'Parvatipuram', 2, 'active'),
(194, 'Patancheru', 2, 'active'),
(195, 'Payakaraopet', 2, 'active'),
(196, 'Pedagantyada', 2, 'active'),
(197, 'Pedana', 2, 'active'),
(198, 'Peddapuram', 2, 'active'),
(199, 'Pendurthi', 2, 'active'),
(200, 'Penugonda', 2, 'active'),
(201, 'Penukonda', 2, 'active'),
(202, 'Phirangipuram', 2, 'active'),
(203, 'Pithapuram', 2, 'active'),
(204, 'Ponnur', 2, 'active'),
(205, 'Port Blair', 2, 'active'),
(206, 'Pothinamallayyapalem', 2, 'active'),
(207, 'Prakasam', 2, 'active'),
(208, 'Prasadampadu', 2, 'active'),
(209, 'Prasantinilayam', 2, 'active'),
(210, 'Proddatur', 2, 'active'),
(211, 'Pulivendla', 2, 'active'),
(212, 'Punganuru', 2, 'active'),
(213, 'Puttur', 2, 'active'),
(214, 'Qutubullapur', 2, 'active'),
(215, 'Rajahmundry', 2, 'active'),
(216, 'Rajamahendri', 2, 'active'),
(217, 'Rajampet', 2, 'active'),
(218, 'Rajendranagar', 2, 'active'),
(219, 'Rajoli', 2, 'active'),
(220, 'Ramachandrapuram', 2, 'active'),
(221, 'Ramanayyapeta', 2, 'active'),
(222, 'Ramapuram', 2, 'active'),
(223, 'Ramarajupalli', 2, 'active'),
(224, 'Ramavarappadu', 2, 'active'),
(225, 'Rameswaram', 2, 'active'),
(226, 'Rampachodavaram', 2, 'active'),
(227, 'Ravulapalam', 2, 'active'),
(228, 'Rayachoti', 2, 'active'),
(229, 'Rayadrug', 2, 'active'),
(230, 'Razam', 2, 'active'),
(231, 'Razole', 2, 'active'),
(232, 'Renigunta', 2, 'active'),
(233, 'Repalle', 2, 'active'),
(234, 'Rishikonda', 2, 'active'),
(235, 'Salur', 2, 'active'),
(236, 'Samalkot', 2, 'active'),
(237, 'Sattenapalle', 2, 'active'),
(238, 'Seetharampuram', 2, 'active'),
(239, 'Serilungampalle', 2, 'active'),
(240, 'Shankarampet', 2, 'active'),
(241, 'Shar', 2, 'active'),
(242, 'Singarayakonda', 2, 'active'),
(243, 'Sirpur', 2, 'active'),
(244, 'Sirsilla', 2, 'active'),
(245, 'Sompeta', 2, 'active'),
(246, 'Sriharikota', 2, 'active'),
(247, 'Srikakulam', 2, 'active'),
(248, 'Srikalahasti', 2, 'active'),
(249, 'Sriramnagar', 2, 'active'),
(250, 'Sriramsagar', 2, 'active'),
(251, 'Srisailam', 2, 'active'),
(252, 'Srisailamgudem Devasthanam', 2, 'active'),
(253, 'Sulurpeta', 2, 'active'),
(254, 'Suriapet', 2, 'active'),
(255, 'Suryaraopet', 2, 'active'),
(256, 'Tadepalle', 2, 'active'),
(257, 'Tadepalligudem', 2, 'active'),
(258, 'Tadpatri', 2, 'active'),
(259, 'Tallapalle', 2, 'active'),
(260, 'Tanuku', 2, 'active'),
(261, 'Tekkali', 2, 'active'),
(262, 'Tenali', 2, 'active'),
(263, 'Tigalapahad', 2, 'active'),
(264, 'Tiruchanur', 2, 'active'),
(265, 'Tirumala', 2, 'active'),
(266, 'Tirupati', 2, 'active'),
(267, 'Tirvuru', 2, 'active'),
(268, 'Trimulgherry', 2, 'active'),
(269, 'Tuni', 2, 'active'),
(270, 'Turangi', 2, 'active'),
(271, 'Ukkayapalli', 2, 'active'),
(272, 'Ukkunagaram', 2, 'active'),
(273, 'Uppal Kalan', 2, 'active'),
(274, 'Upper Sileru', 2, 'active'),
(275, 'Uravakonda', 2, 'active'),
(276, 'Vadlapudi', 2, 'active'),
(277, 'Vaparala', 2, 'active'),
(278, 'Vemalwada', 2, 'active'),
(279, 'Venkatagiri', 2, 'active'),
(280, 'Venkatapuram', 2, 'active'),
(281, 'Vepagunta', 2, 'active'),
(282, 'Vetapalem', 2, 'active'),
(283, 'Vijayapuri', 2, 'active'),
(284, 'Vijayapuri South', 2, 'active'),
(285, 'Vijayawada', 2, 'active'),
(286, 'Vinukonda', 2, 'active'),
(287, 'Visakhapatnam', 2, 'active'),
(288, 'Vizianagaram', 2, 'active'),
(289, 'Vuyyuru', 2, 'active'),
(290, 'Wanparti', 2, 'active'),
(291, 'West Godavari Dist.', 2, 'active'),
(292, 'Yadagirigutta', 2, 'active'),
(293, 'Yarada', 2, 'active'),
(294, 'Yellamanchili', 2, 'active'),
(295, 'Yemmiganur', 2, 'active'),
(296, 'Yenamalakudru', 2, 'active'),
(297, 'Yendada', 2, 'active'),
(298, 'Yerraguntla', 2, 'active'),
(299, 'Along', 3, 'active'),
(300, 'Basar', 3, 'active'),
(301, 'Bondila', 3, 'active'),
(302, 'Changlang', 3, 'active'),
(303, 'Daporijo', 3, 'active'),
(304, 'Deomali', 3, 'active'),
(305, 'Itanagar', 3, 'active'),
(306, 'Jairampur', 3, 'active'),
(307, 'Khonsa', 3, 'active'),
(308, 'Naharlagun', 3, 'active'),
(309, 'Namsai', 3, 'active'),
(310, 'Pasighat', 3, 'active'),
(311, 'Roing', 3, 'active'),
(312, 'Seppa', 3, 'active'),
(313, 'Tawang', 3, 'active'),
(314, 'Tezu', 3, 'active'),
(315, 'Ziro', 3, 'active'),
(316, 'Abhayapuri', 4, 'active'),
(317, 'Ambikapur', 4, 'active'),
(318, 'Amguri', 4, 'active'),
(319, 'Anand Nagar', 4, 'active'),
(320, 'Badarpur', 4, 'active'),
(321, 'Badarpur Railway Town', 4, 'active'),
(322, 'Bahbari Gaon', 4, 'active'),
(323, 'Bamun Sualkuchi', 4, 'active'),
(324, 'Barbari', 4, 'active'),
(325, 'Barpathar', 4, 'active'),
(326, 'Barpeta', 4, 'active'),
(327, 'Barpeta Road', 4, 'active'),
(328, 'Basugaon', 4, 'active'),
(329, 'Bihpuria', 4, 'active'),
(330, 'Bijni', 4, 'active'),
(331, 'Bilasipara', 4, 'active'),
(332, 'Biswanath Chariali', 4, 'active'),
(333, 'Bohori', 4, 'active'),
(334, 'Bokajan', 4, 'active'),
(335, 'Bokokhat', 4, 'active'),
(336, 'Bongaigaon', 4, 'active'),
(337, 'Bongaigaon Petro-chemical Town', 4, 'active'),
(338, 'Borgolai', 4, 'active'),
(339, 'Chabua', 4, 'active'),
(340, 'Chandrapur Bagicha', 4, 'active'),
(341, 'Chapar', 4, 'active'),
(342, 'Chekonidhara', 4, 'active'),
(343, 'Choto Haibor', 4, 'active'),
(344, 'Dergaon', 4, 'active'),
(345, 'Dharapur', 4, 'active'),
(346, 'Dhekiajuli', 4, 'active'),
(347, 'Dhemaji', 4, 'active'),
(348, 'Dhing', 4, 'active'),
(349, 'Dhubri', 4, 'active'),
(350, 'Dhuburi', 4, 'active'),
(351, 'Dibrugarh', 4, 'active'),
(352, 'Digboi', 4, 'active'),
(353, 'Digboi Oil Town', 4, 'active'),
(354, 'Dimaruguri', 4, 'active'),
(355, 'Diphu', 4, 'active'),
(356, 'Dispur', 4, 'active'),
(357, 'Doboka', 4, 'active'),
(358, 'Dokmoka', 4, 'active'),
(359, 'Donkamokan', 4, 'active'),
(360, 'Duliagaon', 4, 'active'),
(361, 'Duliajan', 4, 'active'),
(362, 'Duliajan No.1', 4, 'active'),
(363, 'Dum Duma', 4, 'active'),
(364, 'Durga Nagar', 4, 'active'),
(365, 'Gauripur', 4, 'active'),
(366, 'Goalpara', 4, 'active'),
(367, 'Gohpur', 4, 'active'),
(368, 'Golaghat', 4, 'active'),
(369, 'Golakganj', 4, 'active'),
(370, 'Gossaigaon', 4, 'active'),
(371, 'Guwahati', 4, 'active'),
(372, 'Haflong', 4, 'active'),
(373, 'Hailakandi', 4, 'active'),
(374, 'Hamren', 4, 'active'),
(375, 'Hauli', 4, 'active'),
(376, 'Hauraghat', 4, 'active'),
(377, 'Hojai', 4, 'active'),
(378, 'Jagiroad', 4, 'active'),
(379, 'Jagiroad Paper Mill', 4, 'active'),
(380, 'Jogighopa', 4, 'active'),
(381, 'Jonai Bazar', 4, 'active'),
(382, 'Jorhat', 4, 'active'),
(383, 'Kampur Town', 4, 'active'),
(384, 'Kamrup', 4, 'active'),
(385, 'Kanakpur', 4, 'active'),
(386, 'Karimganj', 4, 'active'),
(387, 'Kharijapikon', 4, 'active'),
(388, 'Kharupetia', 4, 'active'),
(389, 'Kochpara', 4, 'active'),
(390, 'Kokrajhar', 4, 'active'),
(391, 'Kumar Kaibarta Gaon', 4, 'active'),
(392, 'Lakhimpur', 4, 'active'),
(393, 'Lakhipur', 4, 'active'),
(394, 'Lala', 4, 'active'),
(395, 'Lanka', 4, 'active'),
(396, 'Lido Tikok', 4, 'active'),
(397, 'Lido Town', 4, 'active'),
(398, 'Lumding', 4, 'active'),
(399, 'Lumding Railway Colony', 4, 'active'),
(400, 'Mahur', 4, 'active'),
(401, 'Maibong', 4, 'active'),
(402, 'Majgaon', 4, 'active'),
(403, 'Makum', 4, 'active'),
(404, 'Mangaldai', 4, 'active'),
(405, 'Mankachar', 4, 'active'),
(406, 'Margherita', 4, 'active'),
(407, 'Mariani', 4, 'active'),
(408, 'Marigaon', 4, 'active'),
(409, 'Moran', 4, 'active'),
(410, 'Moranhat', 4, 'active'),
(411, 'Nagaon', 4, 'active'),
(412, 'Naharkatia', 4, 'active'),
(413, 'Nalbari', 4, 'active'),
(414, 'Namrup', 4, 'active'),
(415, 'Naubaisa Gaon', 4, 'active'),
(416, 'Nazira', 4, 'active'),
(417, 'New Bongaigaon Railway Colony', 4, 'active'),
(418, 'Niz-Hajo', 4, 'active'),
(419, 'North Guwahati', 4, 'active'),
(420, 'Numaligarh', 4, 'active'),
(421, 'Palasbari', 4, 'active'),
(422, 'Panchgram', 4, 'active'),
(423, 'Pathsala', 4, 'active'),
(424, 'Raha', 4, 'active'),
(425, 'Rangapara', 4, 'active'),
(426, 'Rangia', 4, 'active'),
(427, 'Salakati', 4, 'active'),
(428, 'Sapatgram', 4, 'active'),
(429, 'Sarthebari', 4, 'active'),
(430, 'Sarupathar', 4, 'active'),
(431, 'Sarupathar Bengali', 4, 'active'),
(432, 'Senchoagaon', 4, 'active'),
(433, 'Sibsagar', 4, 'active'),
(434, 'Silapathar', 4, 'active'),
(435, 'Silchar', 4, 'active'),
(436, 'Silchar Part-X', 4, 'active'),
(437, 'Sonari', 4, 'active'),
(438, 'Sorbhog', 4, 'active'),
(439, 'Sualkuchi', 4, 'active'),
(440, 'Tangla', 4, 'active'),
(441, 'Tezpur', 4, 'active'),
(442, 'Tihu', 4, 'active'),
(443, 'Tinsukia', 4, 'active'),
(444, 'Titabor', 4, 'active'),
(445, 'Udalguri', 4, 'active'),
(446, 'Umrangso', 4, 'active'),
(447, 'Uttar Krishnapur Part-I', 4, 'active'),
(448, 'Amarpur', 5, 'active'),
(449, 'Ara', 5, 'active'),
(450, 'Araria', 5, 'active'),
(451, 'Areraj', 5, 'active'),
(452, 'Asarganj', 5, 'active'),
(453, 'Aurangabad', 5, 'active'),
(454, 'Bagaha', 5, 'active'),
(455, 'Bahadurganj', 5, 'active'),
(456, 'Bairgania', 5, 'active'),
(457, 'Bakhtiyarpur', 5, 'active'),
(458, 'Banka', 5, 'active'),
(459, 'Banmankhi', 5, 'active'),
(460, 'Bar Bigha', 5, 'active'),
(461, 'Barauli', 5, 'active'),
(462, 'Barauni Oil Township', 5, 'active'),
(463, 'Barh', 5, 'active'),
(464, 'Barhiya', 5, 'active'),
(465, 'Bariapur', 5, 'active'),
(466, 'Baruni', 5, 'active'),
(467, 'Begusarai', 5, 'active'),
(468, 'Behea', 5, 'active'),
(469, 'Belsand', 5, 'active'),
(470, 'Bettiah', 5, 'active'),
(471, 'Bhabua', 5, 'active'),
(472, 'Bhagalpur', 5, 'active'),
(473, 'Bhimnagar', 5, 'active'),
(474, 'Bhojpur', 5, 'active'),
(475, 'Bihar', 5, 'active'),
(476, 'Bihar Sharif', 5, 'active'),
(477, 'Bihariganj', 5, 'active'),
(478, 'Bikramganj', 5, 'active'),
(479, 'Birpur', 5, 'active'),
(480, 'Bodh Gaya', 5, 'active'),
(481, 'Buxar', 5, 'active'),
(482, 'Chakia', 5, 'active'),
(483, 'Chanpatia', 5, 'active'),
(484, 'Chhapra', 5, 'active'),
(485, 'Chhatapur', 5, 'active'),
(486, 'Colgong', 5, 'active'),
(487, 'Dalsingh Sarai', 5, 'active'),
(488, 'Darbhanga', 5, 'active'),
(489, 'Daudnagar', 5, 'active'),
(490, 'Dehri', 5, 'active'),
(491, 'Dhaka', 5, 'active'),
(492, 'Dighwara', 5, 'active'),
(493, 'Dinapur', 5, 'active'),
(494, 'Dinapur Cantonment', 5, 'active'),
(495, 'Dumra', 5, 'active'),
(496, 'Dumraon', 5, 'active'),
(497, 'Fatwa', 5, 'active'),
(498, 'Forbesganj', 5, 'active'),
(499, 'Gaya', 5, 'active'),
(500, 'Gazipur', 5, 'active'),
(501, 'Ghoghardiha', 5, 'active'),
(502, 'Gogri Jamalpur', 5, 'active'),
(503, 'Gopalganj', 5, 'active'),
(504, 'Habibpur', 5, 'active'),
(505, 'Hajipur', 5, 'active'),
(506, 'Hasanpur', 5, 'active'),
(507, 'Hazaribagh', 5, 'active'),
(508, 'Hilsa', 5, 'active'),
(509, 'Hisua', 5, 'active'),
(510, 'Islampur', 5, 'active'),
(511, 'Jagdispur', 5, 'active'),
(512, 'Jahanabad', 5, 'active'),
(513, 'Jamalpur', 5, 'active'),
(514, 'Jamhaur', 5, 'active'),
(515, 'Jamui', 5, 'active'),
(516, 'Janakpur Road', 5, 'active'),
(517, 'Janpur', 5, 'active'),
(518, 'Jaynagar', 5, 'active'),
(519, 'Jha Jha', 5, 'active'),
(520, 'Jhanjharpur', 5, 'active'),
(521, 'Jogbani', 5, 'active'),
(522, 'Kanti', 5, 'active'),
(523, 'Kasba', 5, 'active'),
(524, 'Kataiya', 5, 'active'),
(525, 'Katihar', 5, 'active'),
(526, 'Khagaria', 5, 'active'),
(527, 'Khagaul', 5, 'active'),
(528, 'Kharagpur', 5, 'active'),
(529, 'Khusrupur', 5, 'active'),
(530, 'Kishanganj', 5, 'active'),
(531, 'Koath', 5, 'active'),
(532, 'Koilwar', 5, 'active'),
(533, 'Lakhisarai', 5, 'active'),
(534, 'Lalganj', 5, 'active'),
(535, 'Lauthaha', 5, 'active'),
(536, 'Madhepura', 5, 'active'),
(537, 'Madhubani', 5, 'active'),
(538, 'Maharajganj', 5, 'active'),
(539, 'Mahnar Bazar', 5, 'active'),
(540, 'Mairwa', 5, 'active'),
(541, 'Makhdumpur', 5, 'active'),
(542, 'Maner', 5, 'active'),
(543, 'Manihari', 5, 'active'),
(544, 'Marhaura', 5, 'active'),
(545, 'Masaurhi', 5, 'active'),
(546, 'Mirganj', 5, 'active'),
(547, 'Mohiuddinagar', 5, 'active'),
(548, 'Mokama', 5, 'active'),
(549, 'Motihari', 5, 'active'),
(550, 'Motipur', 5, 'active'),
(551, 'Munger', 5, 'active'),
(552, 'Murliganj', 5, 'active'),
(553, 'Muzaffarpur', 5, 'active'),
(554, 'Nabinagar', 5, 'active'),
(555, 'Narkatiaganj', 5, 'active'),
(556, 'Nasriganj', 5, 'active'),
(557, 'Natwar', 5, 'active'),
(558, 'Naugachhia', 5, 'active'),
(559, 'Nawada', 5, 'active'),
(560, 'Nirmali', 5, 'active'),
(561, 'Nokha', 5, 'active'),
(562, 'Paharpur', 5, 'active'),
(563, 'Patna', 5, 'active'),
(564, 'Phulwari', 5, 'active'),
(565, 'Piro', 5, 'active'),
(566, 'Purnia', 5, 'active'),
(567, 'Pusa', 5, 'active'),
(568, 'Rafiganj', 5, 'active'),
(569, 'Raghunathpur', 5, 'active'),
(570, 'Rajgir', 5, 'active'),
(571, 'Ramnagar', 5, 'active'),
(572, 'Raxaul', 5, 'active'),
(573, 'Revelganj', 5, 'active'),
(574, 'Rusera', 5, 'active'),
(575, 'Sagauli', 5, 'active'),
(576, 'Saharsa', 5, 'active'),
(577, 'Samastipur', 5, 'active'),
(578, 'Sasaram', 5, 'active'),
(579, 'Shahpur', 5, 'active'),
(580, 'Shaikhpura', 5, 'active'),
(581, 'Sherghati', 5, 'active'),
(582, 'Shivhar', 5, 'active'),
(583, 'Silao', 5, 'active'),
(584, 'Sitamarhi', 5, 'active'),
(585, 'Siwan', 5, 'active'),
(586, 'Sonepur', 5, 'active'),
(587, 'Sultanganj', 5, 'active'),
(588, 'Supaul', 5, 'active'),
(589, 'Teghra', 5, 'active'),
(590, 'Tekari', 5, 'active'),
(591, 'Thakurganj', 5, 'active'),
(592, 'Vaishali', 5, 'active'),
(593, 'Waris Aliganj', 5, 'active'),
(594, 'Chandigarh', 6, 'active'),
(595, 'Ahiwara', 7, 'active'),
(596, 'Akaltara', 7, 'active'),
(597, 'Ambagarh Chauki', 7, 'active'),
(598, 'Ambikapur', 7, 'active'),
(599, 'Arang', 7, 'active'),
(600, 'Bade Bacheli', 7, 'active'),
(601, 'Bagbahara', 7, 'active'),
(602, 'Baikunthpur', 7, 'active'),
(603, 'Balod', 7, 'active'),
(604, 'Baloda', 7, 'active'),
(605, 'Baloda Bazar', 7, 'active'),
(606, 'Banarsi', 7, 'active'),
(607, 'Basna', 7, 'active'),
(608, 'Bemetra', 7, 'active'),
(609, 'Bhanpuri', 7, 'active'),
(610, 'Bhatapara', 7, 'active'),
(611, 'Bhatgaon', 7, 'active'),
(612, 'Bhilai', 7, 'active'),
(613, 'Bilaspur', 7, 'active'),
(614, 'Bilha', 7, 'active'),
(615, 'Birgaon', 7, 'active'),
(616, 'Bodri', 7, 'active'),
(617, 'Champa', 7, 'active'),
(618, 'Charcha', 7, 'active'),
(619, 'Charoda', 7, 'active'),
(620, 'Chhuikhadan', 7, 'active'),
(621, 'Chirmiri', 7, 'active'),
(622, 'Dantewada', 7, 'active'),
(623, 'Deori', 7, 'active'),
(624, 'Dhamdha', 7, 'active'),
(625, 'Dhamtari', 7, 'active'),
(626, 'Dharamjaigarh', 7, 'active'),
(627, 'Dipka', 7, 'active'),
(628, 'Doman Hill Colliery', 7, 'active'),
(629, 'Dongargaon', 7, 'active'),
(630, 'Dongragarh', 7, 'active'),
(631, 'Durg', 7, 'active'),
(632, 'Frezarpur', 7, 'active'),
(633, 'Gandai', 7, 'active'),
(634, 'Gariaband', 7, 'active'),
(635, 'Gaurela', 7, 'active'),
(636, 'Gelhapani', 7, 'active'),
(637, 'Gharghoda', 7, 'active'),
(638, 'Gidam', 7, 'active'),
(639, 'Gobra Nawapara', 7, 'active'),
(640, 'Gogaon', 7, 'active'),
(641, 'Hatkachora', 7, 'active'),
(642, 'Jagdalpur', 7, 'active'),
(643, 'Jamui', 7, 'active'),
(644, 'Jashpurnagar', 7, 'active'),
(645, 'Jhagrakhand', 7, 'active'),
(646, 'Kanker', 7, 'active'),
(647, 'Katghora', 7, 'active'),
(648, 'Kawardha', 7, 'active'),
(649, 'Khairagarh', 7, 'active'),
(650, 'Khamhria', 7, 'active'),
(651, 'Kharod', 7, 'active'),
(652, 'Kharsia', 7, 'active'),
(653, 'Khonga Pani', 7, 'active'),
(654, 'Kirandu', 7, 'active'),
(655, 'Kirandul', 7, 'active'),
(656, 'Kohka', 7, 'active'),
(657, 'Kondagaon', 7, 'active'),
(658, 'Korba', 7, 'active'),
(659, 'Korea', 7, 'active'),
(660, 'Koria Block', 7, 'active'),
(661, 'Kota', 7, 'active'),
(662, 'Kumhari', 7, 'active'),
(663, 'Kumud Katta', 7, 'active'),
(664, 'Kurasia', 7, 'active'),
(665, 'Kurud', 7, 'active'),
(666, 'Lingiyadih', 7, 'active'),
(667, 'Lormi', 7, 'active'),
(668, 'Mahasamund', 7, 'active'),
(669, 'Mahendragarh', 7, 'active'),
(670, 'Mehmand', 7, 'active'),
(671, 'Mongra', 7, 'active'),
(672, 'Mowa', 7, 'active'),
(673, 'Mungeli', 7, 'active'),
(674, 'Nailajanjgir', 7, 'active'),
(675, 'Namna Kalan', 7, 'active'),
(676, 'Naya Baradwar', 7, 'active'),
(677, 'Pandariya', 7, 'active'),
(678, 'Patan', 7, 'active'),
(679, 'Pathalgaon', 7, 'active'),
(680, 'Pendra', 7, 'active'),
(681, 'Phunderdihari', 7, 'active'),
(682, 'Pithora', 7, 'active'),
(683, 'Raigarh', 7, 'active'),
(684, 'Raipur', 7, 'active'),
(685, 'Rajgamar', 7, 'active'),
(686, 'Rajhara', 7, 'active'),
(687, 'Rajnandgaon', 7, 'active'),
(688, 'Ramanuj Ganj', 7, 'active'),
(689, 'Ratanpur', 7, 'active'),
(690, 'Sakti', 7, 'active'),
(691, 'Saraipali', 7, 'active'),
(692, 'Sarajpur', 7, 'active'),
(693, 'Sarangarh', 7, 'active'),
(694, 'Shivrinarayan', 7, 'active'),
(695, 'Simga', 7, 'active'),
(696, 'Sirgiti', 7, 'active'),
(697, 'Takhatpur', 7, 'active'),
(698, 'Telgaon', 7, 'active'),
(699, 'Tildanewra', 7, 'active'),
(700, 'Urla', 7, 'active'),
(701, 'Vishrampur', 7, 'active'),
(702, 'Amli', 8, 'active'),
(703, 'Silvassa', 8, 'active'),
(704, 'Daman', 9, 'active'),
(705, 'Diu', 9, 'active'),
(706, 'Delhi', 10, 'active'),
(707, 'New Delhi', 10, 'active'),
(708, 'Aldona', 11, 'active'),
(709, 'Altinho', 11, 'active'),
(710, 'Aquem', 11, 'active'),
(711, 'Arpora', 11, 'active'),
(712, 'Bambolim', 11, 'active'),
(713, 'Bandora', 11, 'active'),
(714, 'Bardez', 11, 'active'),
(715, 'Benaulim', 11, 'active'),
(716, 'Betora', 11, 'active'),
(717, 'Bicholim', 11, 'active'),
(718, 'Calapor', 11, 'active'),
(719, 'Candolim', 11, 'active'),
(720, 'Caranzalem', 11, 'active'),
(721, 'Carapur', 11, 'active'),
(722, 'Chicalim', 11, 'active'),
(723, 'Chimbel', 11, 'active'),
(724, 'Chinchinim', 11, 'active'),
(725, 'Colvale', 11, 'active'),
(726, 'Corlim', 11, 'active'),
(727, 'Cortalim', 11, 'active'),
(728, 'Cuncolim', 11, 'active'),
(729, 'Curchorem', 11, 'active'),
(730, 'Curti', 11, 'active'),
(731, 'Davorlim', 11, 'active'),
(732, 'Dona Paula', 11, 'active'),
(733, 'Goa', 11, 'active'),
(734, 'Guirim', 11, 'active'),
(735, 'Jua', 11, 'active'),
(736, 'Kalangat', 11, 'active'),
(737, 'Kankon', 11, 'active'),
(738, 'Kundaim', 11, 'active'),
(739, 'Loutulim', 11, 'active'),
(740, 'Madgaon', 11, 'active'),
(741, 'Mapusa', 11, 'active'),
(742, 'Margao', 11, 'active'),
(743, 'Margaon', 11, 'active'),
(744, 'Miramar', 11, 'active'),
(745, 'Morjim', 11, 'active'),
(746, 'Mormugao', 11, 'active'),
(747, 'Navelim', 11, 'active'),
(748, 'Pale', 11, 'active'),
(749, 'Panaji', 11, 'active'),
(750, 'Parcem', 11, 'active'),
(751, 'Parra', 11, 'active'),
(752, 'Penha de Franca', 11, 'active'),
(753, 'Pernem', 11, 'active'),
(754, 'Pilerne', 11, 'active'),
(755, 'Pissurlem', 11, 'active'),
(756, 'Ponda', 11, 'active'),
(757, 'Porvorim', 11, 'active'),
(758, 'Quepem', 11, 'active'),
(759, 'Queula', 11, 'active'),
(760, 'Raia', 11, 'active'),
(761, 'Reis Magos', 11, 'active'),
(762, 'Salcette', 11, 'active'),
(763, 'Saligao', 11, 'active'),
(764, 'Sancoale', 11, 'active'),
(765, 'Sanguem', 11, 'active'),
(766, 'Sanquelim', 11, 'active'),
(767, 'Sanvordem', 11, 'active'),
(768, 'Sao Jose-de-Areal', 11, 'active'),
(769, 'Sattari', 11, 'active'),
(770, 'Serula', 11, 'active'),
(771, 'Sinquerim', 11, 'active'),
(772, 'Siolim', 11, 'active'),
(773, 'Taleigao', 11, 'active'),
(774, 'Tivim', 11, 'active'),
(775, 'Valpoi', 11, 'active'),
(776, 'Varca', 11, 'active'),
(777, 'Vasco', 11, 'active'),
(778, 'Verna', 11, 'active'),
(779, 'Abrama', 12, 'active'),
(780, 'Adalaj', 12, 'active'),
(781, 'Adityana', 12, 'active'),
(782, 'Advana', 12, 'active'),
(783, 'Ahmedabad', 12, 'active'),
(784, 'Ahwa', 12, 'active'),
(785, 'Alang', 12, 'active'),
(786, 'Ambaji', 12, 'active'),
(787, 'Ambaliyasan', 12, 'active'),
(788, 'Amod', 12, 'active'),
(789, 'Amreli', 12, 'active'),
(790, 'Amroli', 12, 'active'),
(791, 'Anand', 12, 'active'),
(792, 'Andada', 12, 'active'),
(793, 'Anjar', 12, 'active'),
(794, 'Anklav', 12, 'active'),
(795, 'Ankleshwar', 12, 'active'),
(796, 'Anklesvar INA', 12, 'active'),
(797, 'Antaliya', 12, 'active'),
(798, 'Arambhada', 12, 'active'),
(799, 'Asarma', 12, 'active'),
(800, 'Atul', 12, 'active'),
(801, 'Babra', 12, 'active'),
(802, 'Bag-e-Firdosh', 12, 'active'),
(803, 'Bagasara', 12, 'active'),
(804, 'Bahadarpar', 12, 'active'),
(805, 'Bajipura', 12, 'active'),
(806, 'Bajva', 12, 'active'),
(807, 'Balasinor', 12, 'active'),
(808, 'Banaskantha', 12, 'active'),
(809, 'Bansda', 12, 'active'),
(810, 'Bantva', 12, 'active'),
(811, 'Bardoli', 12, 'active'),
(812, 'Barwala', 12, 'active'),
(813, 'Bayad', 12, 'active'),
(814, 'Bechar', 12, 'active'),
(815, 'Bedi', 12, 'active'),
(816, 'Beyt', 12, 'active'),
(817, 'Bhachau', 12, 'active'),
(818, 'Bhanvad', 12, 'active'),
(819, 'Bharuch', 12, 'active'),
(820, 'Bharuch INA', 12, 'active'),
(821, 'Bhavnagar', 12, 'active'),
(822, 'Bhayavadar', 12, 'active'),
(823, 'Bhestan', 12, 'active'),
(824, 'Bhuj', 12, 'active'),
(825, 'Bilimora', 12, 'active'),
(826, 'Bilkha', 12, 'active'),
(827, 'Billimora', 12, 'active'),
(828, 'Bodakdev', 12, 'active'),
(829, 'Bodeli', 12, 'active'),
(830, 'Bopal', 12, 'active'),
(831, 'Boria', 12, 'active'),
(832, 'Boriavi', 12, 'active'),
(833, 'Borsad', 12, 'active'),
(834, 'Botad', 12, 'active'),
(835, 'Cambay', 12, 'active'),
(836, 'Chaklasi', 12, 'active'),
(837, 'Chala', 12, 'active'),
(838, 'Chalala', 12, 'active'),
(839, 'Chalthan', 12, 'active'),
(840, 'Chanasma', 12, 'active'),
(841, 'Chandisar', 12, 'active'),
(842, 'Chandkheda', 12, 'active'),
(843, 'Chanod', 12, 'active'),
(844, 'Chaya', 12, 'active'),
(845, 'Chenpur', 12, 'active'),
(846, 'Chhapi', 12, 'active'),
(847, 'Chhaprabhatha', 12, 'active'),
(848, 'Chhatral', 12, 'active'),
(849, 'Chhota Udepur', 12, 'active'),
(850, 'Chikhli', 12, 'active'),
(851, 'Chiloda', 12, 'active'),
(852, 'Chorvad', 12, 'active'),
(853, 'Chotila', 12, 'active'),
(854, 'Dabhoi', 12, 'active'),
(855, 'Dadara', 12, 'active'),
(856, 'Dahod', 12, 'active'),
(857, 'Dakor', 12, 'active'),
(858, 'Damnagar', 12, 'active'),
(859, 'Deesa', 12, 'active'),
(860, 'Delvada', 12, 'active'),
(861, 'Devgadh Baria', 12, 'active'),
(862, 'Devsar', 12, 'active'),
(863, 'Dhandhuka', 12, 'active'),
(864, 'Dhanera', 12, 'active'),
(865, 'Dhangdhra', 12, 'active'),
(866, 'Dhansura', 12, 'active'),
(867, 'Dharampur', 12, 'active'),
(868, 'Dhari', 12, 'active'),
(869, 'Dhola', 12, 'active'),
(870, 'Dholka', 12, 'active'),
(871, 'Dholka Rural', 12, 'active'),
(872, 'Dhoraji', 12, 'active'),
(873, 'Dhrangadhra', 12, 'active'),
(874, 'Dhrol', 12, 'active'),
(875, 'Dhuva', 12, 'active'),
(876, 'Dhuwaran', 12, 'active'),
(877, 'Digvijaygram', 12, 'active'),
(878, 'Disa', 12, 'active'),
(879, 'Dungar', 12, 'active'),
(880, 'Dungarpur', 12, 'active'),
(881, 'Dungra', 12, 'active'),
(882, 'Dwarka', 12, 'active'),
(883, 'Flelanganj', 12, 'active'),
(884, 'GSFC Complex', 12, 'active'),
(885, 'Gadhda', 12, 'active'),
(886, 'Gandevi', 12, 'active'),
(887, 'Gandhidham', 12, 'active'),
(888, 'Gandhinagar', 12, 'active'),
(889, 'Gariadhar', 12, 'active'),
(890, 'Ghogha', 12, 'active'),
(891, 'Godhra', 12, 'active'),
(892, 'Gondal', 12, 'active'),
(893, 'Hajira INA', 12, 'active'),
(894, 'Halol', 12, 'active'),
(895, 'Halvad', 12, 'active'),
(896, 'Hansot', 12, 'active'),
(897, 'Harij', 12, 'active'),
(898, 'Himatnagar', 12, 'active'),
(899, 'Ichchhapor', 12, 'active'),
(900, 'Idar', 12, 'active'),
(901, 'Jafrabad', 12, 'active'),
(902, 'Jalalpore', 12, 'active'),
(903, 'Jambusar', 12, 'active'),
(904, 'Jamjodhpur', 12, 'active'),
(905, 'Jamnagar', 12, 'active'),
(906, 'Jasdan', 12, 'active'),
(907, 'Jawaharnagar', 12, 'active'),
(908, 'Jetalsar', 12, 'active'),
(909, 'Jetpur', 12, 'active'),
(910, 'Jodiya', 12, 'active'),
(911, 'Joshipura', 12, 'active'),
(912, 'Junagadh', 12, 'active'),
(913, 'Kadi', 12, 'active'),
(914, 'Kadodara', 12, 'active'),
(915, 'Kalavad', 12, 'active'),
(916, 'Kali', 12, 'active'),
(917, 'Kaliawadi', 12, 'active'),
(918, 'Kalol', 12, 'active'),
(919, 'Kalol INA', 12, 'active'),
(920, 'Kandla', 12, 'active'),
(921, 'Kanjari', 12, 'active'),
(922, 'Kanodar', 12, 'active'),
(923, 'Kapadwanj', 12, 'active'),
(924, 'Karachiya', 12, 'active'),
(925, 'Karamsad', 12, 'active'),
(926, 'Karjan', 12, 'active'),
(927, 'Kathial', 12, 'active'),
(928, 'Kathor', 12, 'active'),
(929, 'Katpar', 12, 'active'),
(930, 'Kavant', 12, 'active'),
(931, 'Keshod', 12, 'active'),
(932, 'Kevadiya', 12, 'active'),
(933, 'Khambhaliya', 12, 'active'),
(934, 'Khambhat', 12, 'active'),
(935, 'Kharaghoda', 12, 'active'),
(936, 'Khed Brahma', 12, 'active'),
(937, 'Kheda', 12, 'active'),
(938, 'Kheralu', 12, 'active'),
(939, 'Kodinar', 12, 'active'),
(940, 'Kosamba', 12, 'active'),
(941, 'Kundla', 12, 'active'),
(942, 'Kutch', 12, 'active'),
(943, 'Kutiyana', 12, 'active'),
(944, 'Lakhtar', 12, 'active'),
(945, 'Lalpur', 12, 'active'),
(946, 'Lambha', 12, 'active'),
(947, 'Lathi', 12, 'active'),
(948, 'Limbdi', 12, 'active'),
(949, 'Limla', 12, 'active'),
(950, 'Lunavada', 12, 'active'),
(951, 'Madhapar', 12, 'active'),
(952, 'Maflipur', 12, 'active'),
(953, 'Mahemdavad', 12, 'active'),
(954, 'Mahudha', 12, 'active'),
(955, 'Mahuva', 12, 'active'),
(956, 'Mahuvar', 12, 'active'),
(957, 'Makarba', 12, 'active'),
(958, 'Makarpura', 12, 'active'),
(959, 'Makassar', 12, 'active'),
(960, 'Maktampur', 12, 'active'),
(961, 'Malia', 12, 'active'),
(962, 'Malpur', 12, 'active'),
(963, 'Manavadar', 12, 'active'),
(964, 'Mandal', 12, 'active'),
(965, 'Mandvi', 12, 'active'),
(966, 'Mangrol', 12, 'active'),
(967, 'Mansa', 12, 'active'),
(968, 'Meghraj', 12, 'active'),
(969, 'Mehsana', 12, 'active'),
(970, 'Mendarla', 12, 'active'),
(971, 'Mithapur', 12, 'active'),
(972, 'Modasa', 12, 'active'),
(973, 'Mogravadi', 12, 'active'),
(974, 'Morbi', 12, 'active'),
(975, 'Morvi', 12, 'active'),
(976, 'Mundra', 12, 'active'),
(977, 'Nadiad', 12, 'active'),
(978, 'Naliya', 12, 'active'),
(979, 'Nanakvada', 12, 'active'),
(980, 'Nandej', 12, 'active'),
(981, 'Nandesari', 12, 'active'),
(982, 'Nandesari INA', 12, 'active'),
(983, 'Naroda', 12, 'active'),
(984, 'Navagadh', 12, 'active'),
(985, 'Navagam Ghed', 12, 'active'),
(986, 'Navsari', 12, 'active'),
(987, 'Ode', 12, 'active'),
(988, 'Okaf', 12, 'active'),
(989, 'Okha', 12, 'active'),
(990, 'Olpad', 12, 'active'),
(991, 'Paddhari', 12, 'active'),
(992, 'Padra', 12, 'active'),
(993, 'Palanpur', 12, 'active'),
(994, 'Palej', 12, 'active'),
(995, 'Pali', 12, 'active'),
(996, 'Palitana', 12, 'active'),
(997, 'Paliyad', 12, 'active'),
(998, 'Pandesara', 12, 'active'),
(999, 'Panoli', 12, 'active'),
(1000, 'Pardi', 12, 'active'),
(1001, 'Parnera', 12, 'active'),
(1002, 'Parvat', 12, 'active'),
(1003, 'Patan', 12, 'active'),
(1004, 'Patdi', 12, 'active'),
(1005, 'Petlad', 12, 'active'),
(1006, 'Petrochemical Complex', 12, 'active'),
(1007, 'Porbandar', 12, 'active'),
(1008, 'Prantij', 12, 'active'),
(1009, 'Radhanpur', 12, 'active'),
(1010, 'Raiya', 12, 'active'),
(1011, 'Rajkot', 12, 'active'),
(1012, 'Rajpipla', 12, 'active'),
(1013, 'Rajula', 12, 'active'),
(1014, 'Ramod', 12, 'active'),
(1015, 'Ranavav', 12, 'active'),
(1016, 'Ranoli', 12, 'active'),
(1017, 'Rapar', 12, 'active'),
(1018, 'Sahij', 12, 'active'),
(1019, 'Salaya', 12, 'active'),
(1020, 'Sanand', 12, 'active'),
(1021, 'Sankheda', 12, 'active'),
(1022, 'Santrampur', 12, 'active'),
(1023, 'Saribujrang', 12, 'active'),
(1024, 'Sarigam INA', 12, 'active'),
(1025, 'Sayan', 12, 'active'),
(1026, 'Sayla', 12, 'active'),
(1027, 'Shahpur', 12, 'active'),
(1028, 'Shahwadi', 12, 'active'),
(1029, 'Shapar', 12, 'active'),
(1030, 'Shivrajpur', 12, 'active'),
(1031, 'Siddhapur', 12, 'active'),
(1032, 'Sidhpur', 12, 'active'),
(1033, 'Sihor', 12, 'active'),
(1034, 'Sika', 12, 'active'),
(1035, 'Singarva', 12, 'active'),
(1036, 'Sinor', 12, 'active'),
(1037, 'Sojitra', 12, 'active'),
(1038, 'Sola', 12, 'active'),
(1039, 'Songadh', 12, 'active'),
(1040, 'Suraj Karadi', 12, 'active'),
(1041, 'Surat', 12, 'active'),
(1042, 'Surendranagar', 12, 'active'),
(1043, 'Talaja', 12, 'active'),
(1044, 'Talala', 12, 'active'),
(1045, 'Talod', 12, 'active'),
(1046, 'Tankara', 12, 'active'),
(1047, 'Tarsali', 12, 'active'),
(1048, 'Thangadh', 12, 'active'),
(1049, 'Tharad', 12, 'active'),
(1050, 'Thasra', 12, 'active'),
(1051, 'Udyognagar', 12, 'active'),
(1052, 'Ukai', 12, 'active'),
(1053, 'Umbergaon', 12, 'active'),
(1054, 'Umbergaon INA', 12, 'active'),
(1055, 'Umrala', 12, 'active'),
(1056, 'Umreth', 12, 'active'),
(1057, 'Un', 12, 'active'),
(1058, 'Una', 12, 'active'),
(1059, 'Unjha', 12, 'active'),
(1060, 'Upleta', 12, 'active'),
(1061, 'Utran', 12, 'active'),
(1062, 'Uttarsanda', 12, 'active'),
(1063, 'V.U. Nagar', 12, 'active'),
(1064, 'V.V. Nagar', 12, 'active'),
(1065, 'Vadia', 12, 'active'),
(1066, 'Vadla', 12, 'active'),
(1067, 'Vadnagar', 12, 'active'),
(1068, 'Vadodara', 12, 'active'),
(1069, 'Vaghodia INA', 12, 'active'),
(1070, 'Valbhipur', 12, 'active'),
(1071, 'Vallabh Vidyanagar', 12, 'active'),
(1072, 'Valsad', 12, 'active'),
(1073, 'Valsad INA', 12, 'active'),
(1074, 'Vanthali', 12, 'active'),
(1075, 'Vapi', 12, 'active'),
(1076, 'Vapi INA', 12, 'active'),
(1077, 'Vartej', 12, 'active'),
(1078, 'Vasad', 12, 'active'),
(1079, 'Vasna Borsad INA', 12, 'active'),
(1080, 'Vaso', 12, 'active'),
(1081, 'Veraval', 12, 'active'),
(1082, 'Vidyanagar', 12, 'active'),
(1083, 'Vijalpor', 12, 'active'),
(1084, 'Vijapur', 12, 'active'),
(1085, 'Vinchhiya', 12, 'active'),
(1086, 'Vinzol', 12, 'active'),
(1087, 'Virpur', 12, 'active'),
(1088, 'Visavadar', 12, 'active'),
(1089, 'Visnagar', 12, 'active'),
(1090, 'Vyara', 12, 'active'),
(1091, 'Wadhwan', 12, 'active'),
(1092, 'Waghai', 12, 'active'),
(1093, 'Waghodia', 12, 'active'),
(1094, 'Wankaner', 12, 'active'),
(1095, 'Zalod', 12, 'active'),
(1096, 'Ambala', 13, 'active'),
(1097, 'Ambala Cantt', 13, 'active'),
(1098, 'Asan Khurd', 13, 'active'),
(1099, 'Asandh', 13, 'active'),
(1100, 'Ateli', 13, 'active'),
(1101, 'Babiyal', 13, 'active'),
(1102, 'Bahadurgarh', 13, 'active'),
(1103, 'Ballabgarh', 13, 'active'),
(1104, 'Barwala', 13, 'active'),
(1105, 'Bawal', 13, 'active'),
(1106, 'Bawani Khera', 13, 'active'),
(1107, 'Beri', 13, 'active'),
(1108, 'Bhiwani', 13, 'active'),
(1109, 'Bilaspur', 13, 'active'),
(1110, 'Buria', 13, 'active'),
(1111, 'Charkhi Dadri', 13, 'active'),
(1112, 'Chhachhrauli', 13, 'active'),
(1113, 'Chita', 13, 'active'),
(1114, 'Dabwali', 13, 'active'),
(1115, 'Dharuhera', 13, 'active'),
(1116, 'Dundahera', 13, 'active'),
(1117, 'Ellenabad', 13, 'active'),
(1118, 'Farakhpur', 13, 'active'),
(1119, 'Faridabad', 13, 'active'),
(1120, 'Farrukhnagar', 13, 'active'),
(1121, 'Fatehabad', 13, 'active'),
(1122, 'Firozpur Jhirka', 13, 'active'),
(1123, 'Gannaur', 13, 'active'),
(1124, 'Ghraunda', 13, 'active'),
(1125, 'Gohana', 13, 'active'),
(1126, 'Gurgaon', 13, 'active'),
(1127, 'Haileymandi', 13, 'active'),
(1128, 'Hansi', 13, 'active'),
(1129, 'Hasanpur', 13, 'active'),
(1130, 'Hathin', 13, 'active'),
(1131, 'Hisar', 13, 'active'),
(1132, 'Hissar', 13, 'active'),
(1133, 'Hodal', 13, 'active'),
(1134, 'Indri', 13, 'active'),
(1135, 'Jagadhri', 13, 'active'),
(1136, 'Jakhal Mandi', 13, 'active'),
(1137, 'Jhajjar', 13, 'active'),
(1138, 'Jind', 13, 'active'),
(1139, 'Julana', 13, 'active'),
(1140, 'Kaithal', 13, 'active'),
(1141, 'Kalanur', 13, 'active'),
(1142, 'Kalanwali', 13, 'active'),
(1143, 'Kalayat', 13, 'active'),
(1144, 'Kalka', 13, 'active'),
(1145, 'Kanina', 13, 'active'),
(1146, 'Kansepur', 13, 'active'),
(1147, 'Kardhan', 13, 'active'),
(1148, 'Karnal', 13, 'active'),
(1149, 'Kharkhoda', 13, 'active'),
(1150, 'Kheri Sampla', 13, 'active'),
(1151, 'Kundli', 13, 'active'),
(1152, 'Kurukshetra', 13, 'active'),
(1153, 'Ladrawan', 13, 'active'),
(1154, 'Ladwa', 13, 'active'),
(1155, 'Loharu', 13, 'active'),
(1156, 'Maham', 13, 'active'),
(1157, 'Mahendragarh', 13, 'active'),
(1158, 'Mustafabad', 13, 'active'),
(1159, 'Nagai Chaudhry', 13, 'active'),
(1160, 'Narayangarh', 13, 'active'),
(1161, 'Narnaul', 13, 'active'),
(1162, 'Narnaund', 13, 'active'),
(1163, 'Narwana', 13, 'active'),
(1164, 'Nilokheri', 13, 'active'),
(1165, 'Nuh', 13, 'active'),
(1166, 'Palwal', 13, 'active'),
(1167, 'Panchkula', 13, 'active'),
(1168, 'Panipat', 13, 'active'),
(1169, 'Panipat Taraf Ansar', 13, 'active'),
(1170, 'Panipat Taraf Makhdum Zadgan', 13, 'active'),
(1171, 'Panipat Taraf Rajputan', 13, 'active'),
(1172, 'Pehowa', 13, 'active'),
(1173, 'Pinjaur', 13, 'active'),
(1174, 'Punahana', 13, 'active'),
(1175, 'Pundri', 13, 'active'),
(1176, 'Radaur', 13, 'active'),
(1177, 'Raipur Rani', 13, 'active'),
(1178, 'Rania', 13, 'active'),
(1179, 'Ratiya', 13, 'active'),
(1180, 'Rewari', 13, 'active'),
(1181, 'Rohtak', 13, 'active'),
(1182, 'Ropar', 13, 'active'),
(1183, 'Sadauri', 13, 'active'),
(1184, 'Safidon', 13, 'active'),
(1185, 'Samalkha', 13, 'active'),
(1186, 'Sankhol', 13, 'active'),
(1187, 'Sasauli', 13, 'active'),
(1188, 'Shahabad', 13, 'active'),
(1189, 'Sirsa', 13, 'active'),
(1190, 'Siwani', 13, 'active'),
(1191, 'Sohna', 13, 'active'),
(1192, 'Sonipat', 13, 'active'),
(1193, 'Sukhrali', 13, 'active'),
(1194, 'Taoru', 13, 'active'),
(1195, 'Taraori', 13, 'active'),
(1196, 'Tauru', 13, 'active'),
(1197, 'Thanesar', 13, 'active'),
(1198, 'Tilpat', 13, 'active'),
(1199, 'Tohana', 13, 'active'),
(1200, 'Tosham', 13, 'active'),
(1201, 'Uchana', 13, 'active'),
(1202, 'Uklana Mandi', 13, 'active'),
(1203, 'Uncha Siwana', 13, 'active'),
(1204, 'Yamunanagar', 13, 'active'),
(1205, 'Arki', 14, 'active'),
(1206, 'Baddi', 14, 'active'),
(1207, 'Bakloh', 14, 'active'),
(1208, 'Banjar', 14, 'active'),
(1209, 'Bhota', 14, 'active'),
(1210, 'Bhuntar', 14, 'active'),
(1211, 'Bilaspur', 14, 'active'),
(1212, 'Chamba', 14, 'active'),
(1213, 'Chaupal', 14, 'active'),
(1214, 'Chuari Khas', 14, 'active'),
(1215, 'Dagshai', 14, 'active'),
(1216, 'Dalhousie', 14, 'active'),
(1217, 'Dalhousie Cantonment', 14, 'active'),
(1218, 'Damtal', 14, 'active'),
(1219, 'Daulatpur', 14, 'active'),
(1220, 'Dera Gopipur', 14, 'active'),
(1221, 'Dhalli', 14, 'active'),
(1222, 'Dharamshala', 14, 'active'),
(1223, 'Gagret', 14, 'active'),
(1224, 'Ghamarwin', 14, 'active'),
(1225, 'Hamirpur', 14, 'active'),
(1226, 'Jawala Mukhi', 14, 'active'),
(1227, 'Jogindarnagar', 14, 'active'),
(1228, 'Jubbal', 14, 'active'),
(1229, 'Jutogh', 14, 'active'),
(1230, 'Kala Amb', 14, 'active'),
(1231, 'Kalpa', 14, 'active'),
(1232, 'Kangra', 14, 'active'),
(1233, 'Kasauli', 14, 'active'),
(1234, 'Kot Khai', 14, 'active'),
(1235, 'Kullu', 14, 'active'),
(1236, 'Kulu', 14, 'active'),
(1237, 'Manali', 14, 'active'),
(1238, 'Mandi', 14, 'active'),
(1239, 'Mant Khas', 14, 'active'),
(1240, 'Mehatpur Basdehra', 14, 'active'),
(1241, 'Nadaun', 14, 'active'),
(1242, 'Nagrota', 14, 'active'),
(1243, 'Nahan', 14, 'active'),
(1244, 'Naina Devi', 14, 'active'),
(1245, 'Nalagarh', 14, 'active'),
(1246, 'Narkanda', 14, 'active'),
(1247, 'Nurpur', 14, 'active'),
(1248, 'Palampur', 14, 'active'),
(1249, 'Pandoh', 14, 'active'),
(1250, 'Paonta Sahib', 14, 'active'),
(1251, 'Parwanoo', 14, 'active'),
(1252, 'Parwanu', 14, 'active'),
(1253, 'Rajgarh', 14, 'active'),
(1254, 'Rampur', 14, 'active'),
(1255, 'Rawalsar', 14, 'active'),
(1256, 'Rohru', 14, 'active'),
(1257, 'Sabathu', 14, 'active'),
(1258, 'Santokhgarh', 14, 'active'),
(1259, 'Sarahan', 14, 'active'),
(1260, 'Sarka Ghat', 14, 'active'),
(1261, 'Seoni', 14, 'active'),
(1262, 'Shimla', 14, 'active'),
(1263, 'Sirmaur', 14, 'active'),
(1264, 'Solan', 14, 'active'),
(1265, 'Solon', 14, 'active'),
(1266, 'Sundarnagar', 14, 'active'),
(1267, 'Sundernagar', 14, 'active'),
(1268, 'Talai', 14, 'active'),
(1269, 'Theog', 14, 'active'),
(1270, 'Tira Sujanpur', 14, 'active'),
(1271, 'Una', 14, 'active'),
(1272, 'Yol', 14, 'active'),
(1273, 'Achabal', 15, 'active'),
(1274, 'Akhnur', 15, 'active'),
(1275, 'Anantnag', 15, 'active'),
(1276, 'Arnia', 15, 'active'),
(1277, 'Awantipora', 15, 'active'),
(1278, 'Badami Bagh', 15, 'active'),
(1279, 'Bandipur', 15, 'active'),
(1280, 'Banihal', 15, 'active'),
(1281, 'Baramula', 15, 'active'),
(1282, 'Baramulla', 15, 'active'),
(1283, 'Bari Brahmana', 15, 'active'),
(1284, 'Bashohli', 15, 'active'),
(1285, 'Batote', 15, 'active'),
(1286, 'Bhaderwah', 15, 'active'),
(1287, 'Bijbiara', 15, 'active'),
(1288, 'Billawar', 15, 'active'),
(1289, 'Birwah', 15, 'active'),
(1290, 'Bishna', 15, 'active'),
(1291, 'Budgam', 15, 'active'),
(1292, 'Charari Sharief', 15, 'active'),
(1293, 'Chenani', 15, 'active'),
(1294, 'Doda', 15, 'active'),
(1295, 'Duru-Verinag', 15, 'active'),
(1296, 'Gandarbat', 15, 'active'),
(1297, 'Gho Manhasan', 15, 'active'),
(1298, 'Gorah Salathian', 15, 'active'),
(1299, 'Gulmarg', 15, 'active'),
(1300, 'Hajan', 15, 'active'),
(1301, 'Handwara', 15, 'active'),
(1302, 'Hiranagar', 15, 'active'),
(1303, 'Jammu', 15, 'active'),
(1304, 'Jammu Cantonment', 15, 'active'),
(1305, 'Jammu Tawi', 15, 'active'),
(1306, 'Jourian', 15, 'active'),
(1307, 'Kargil', 15, 'active'),
(1308, 'Kathua', 15, 'active'),
(1309, 'Katra', 15, 'active'),
(1310, 'Khan Sahib', 15, 'active'),
(1311, 'Khour', 15, 'active'),
(1312, 'Khrew', 15, 'active'),
(1313, 'Kishtwar', 15, 'active'),
(1314, 'Kud', 15, 'active'),
(1315, 'Kukernag', 15, 'active'),
(1316, 'Kulgam', 15, 'active'),
(1317, 'Kunzer', 15, 'active'),
(1318, 'Kupwara', 15, 'active'),
(1319, 'Lakhenpur', 15, 'active'),
(1320, 'Leh', 15, 'active'),
(1321, 'Magam', 15, 'active'),
(1322, 'Mattan', 15, 'active'),
(1323, 'Naushehra', 15, 'active'),
(1324, 'Pahalgam', 15, 'active'),
(1325, 'Pampore', 15, 'active'),
(1326, 'Parole', 15, 'active'),
(1327, 'Pattan', 15, 'active'),
(1328, 'Pulwama', 15, 'active'),
(1329, 'Punch', 15, 'active'),
(1330, 'Qazigund', 15, 'active'),
(1331, 'Rajauri', 15, 'active'),
(1332, 'Ramban', 15, 'active'),
(1333, 'Ramgarh', 15, 'active'),
(1334, 'Ramnagar', 15, 'active'),
(1335, 'Ranbirsingh Pora', 15, 'active'),
(1336, 'Reasi', 15, 'active'),
(1337, 'Rehambal', 15, 'active'),
(1338, 'Samba', 15, 'active'),
(1339, 'Shupiyan', 15, 'active'),
(1340, 'Sopur', 15, 'active'),
(1341, 'Srinagar', 15, 'active'),
(1342, 'Sumbal', 15, 'active'),
(1343, 'Sunderbani', 15, 'active'),
(1344, 'Talwara', 15, 'active'),
(1345, 'Thanamandi', 15, 'active'),
(1346, 'Tral', 15, 'active'),
(1347, 'Udhampur', 15, 'active'),
(1348, 'Uri', 15, 'active'),
(1349, 'Vijaypur', 15, 'active'),
(1350, 'Adityapur', 16, 'active'),
(1351, 'Amlabad', 16, 'active'),
(1352, 'Angarpathar', 16, 'active'),
(1353, 'Ara', 16, 'active'),
(1354, 'Babua Kalan', 16, 'active'),
(1355, 'Bagbahra', 16, 'active'),
(1356, 'Baliapur', 16, 'active'),
(1357, 'Baliari', 16, 'active'),
(1358, 'Balkundra', 16, 'active'),
(1359, 'Bandhgora', 16, 'active'),
(1360, 'Barajamda', 16, 'active'),
(1361, 'Barhi', 16, 'active'),
(1362, 'Barka Kana', 16, 'active'),
(1363, 'Barki Saraiya', 16, 'active'),
(1364, 'Barughutu', 16, 'active'),
(1365, 'Barwadih', 16, 'active'),
(1366, 'Basaria', 16, 'active'),
(1367, 'Basukinath', 16, 'active'),
(1368, 'Bermo', 16, 'active'),
(1369, 'Bhagatdih', 16, 'active'),
(1370, 'Bhaurah', 16, 'active'),
(1371, 'Bhojudih', 16, 'active'),
(1372, 'Bhuli', 16, 'active'),
(1373, 'Bokaro', 16, 'active'),
(1374, 'Borio Bazar', 16, 'active'),
(1375, 'Bundu', 16, 'active'),
(1376, 'Chaibasa', 16, 'active'),
(1377, 'Chaitudih', 16, 'active'),
(1378, 'Chakradharpur', 16, 'active'),
(1379, 'Chakulia', 16, 'active'),
(1380, 'Chandaur', 16, 'active'),
(1381, 'Chandil', 16, 'active'),
(1382, 'Chandrapura', 16, 'active'),
(1383, 'Chas', 16, 'active'),
(1384, 'Chatra', 16, 'active'),
(1385, 'Chhatatanr', 16, 'active'),
(1386, 'Chhotaputki', 16, 'active'),
(1387, 'Chiria', 16, 'active'),
(1388, 'Chirkunda', 16, 'active'),
(1389, 'Churi', 16, 'active'),
(1390, 'Daltenganj', 16, 'active'),
(1391, 'Danguwapasi', 16, 'active'),
(1392, 'Dari', 16, 'active'),
(1393, 'Deoghar', 16, 'active'),
(1394, 'Deorikalan', 16, 'active'),
(1395, 'Devghar', 16, 'active'),
(1396, 'Dhanbad', 16, 'active'),
(1397, 'Dhanwar', 16, 'active'),
(1398, 'Dhaunsar', 16, 'active'),
(1399, 'Dugda', 16, 'active'),
(1400, 'Dumarkunda', 16, 'active'),
(1401, 'Dumka', 16, 'active'),
(1402, 'Egarkunr', 16, 'active'),
(1403, 'Gadhra', 16, 'active'),
(1404, 'Garwa', 16, 'active'),
(1405, 'Ghatsila', 16, 'active'),
(1406, 'Ghorabandha', 16, 'active'),
(1407, 'Gidi', 16, 'active'),
(1408, 'Giridih', 16, 'active'),
(1409, 'Gobindpur', 16, 'active'),
(1410, 'Godda', 16, 'active'),
(1411, 'Godhar', 16, 'active'),
(1412, 'Golphalbari', 16, 'active'),
(1413, 'Gomoh', 16, 'active'),
(1414, 'Gua', 16, 'active'),
(1415, 'Gumia', 16, 'active'),
(1416, 'Gumla', 16, 'active'),
(1417, 'Haludbani', 16, 'active'),
(1418, 'Hazaribag', 16, 'active'),
(1419, 'Hesla', 16, 'active'),
(1420, 'Husainabad', 16, 'active'),
(1421, 'Isri', 16, 'active'),
(1422, 'Jadugora', 16, 'active'),
(1423, 'Jagannathpur', 16, 'active'),
(1424, 'Jamadoba', 16, 'active'),
(1425, 'Jamshedpur', 16, 'active'),
(1426, 'Jamtara', 16, 'active'),
(1427, 'Jarangdih', 16, 'active'),
(1428, 'Jaridih', 16, 'active'),
(1429, 'Jasidih', 16, 'active'),
(1430, 'Jena', 16, 'active'),
(1431, 'Jharia', 16, 'active'),
(1432, 'Jharia Khas', 16, 'active'),
(1433, 'Jhinkpani', 16, 'active'),
(1434, 'Jhumri Tilaiya', 16, 'active'),
(1435, 'Jorapokhar', 16, 'active'),
(1436, 'Jugsalai', 16, 'active'),
(1437, 'Kailudih', 16, 'active'),
(1438, 'Kalikapur', 16, 'active'),
(1439, 'Kandra', 16, 'active'),
(1440, 'Kanke', 16, 'active'),
(1441, 'Katras', 16, 'active'),
(1442, 'Kedla', 16, 'active'),
(1443, 'Kenduadih', 16, 'active'),
(1444, 'Kharkhari', 16, 'active'),
(1445, 'Kharsawan', 16, 'active'),
(1446, 'Khelari', 16, 'active'),
(1447, 'Khunti', 16, 'active'),
(1448, 'Kiri Buru', 16, 'active'),
(1449, 'Kiriburu', 16, 'active'),
(1450, 'Kodarma', 16, 'active'),
(1451, 'Kuju', 16, 'active'),
(1452, 'Kurpania', 16, 'active'),
(1453, 'Kustai', 16, 'active'),
(1454, 'Lakarka', 16, 'active'),
(1455, 'Lapanga', 16, 'active'),
(1456, 'Latehar', 16, 'active'),
(1457, 'Lohardaga', 16, 'active'),
(1458, 'Loiya', 16, 'active'),
(1459, 'Loyabad', 16, 'active'),
(1460, 'Madhupur', 16, 'active'),
(1461, 'Mahesh Mundi', 16, 'active'),
(1462, 'Maithon', 16, 'active'),
(1463, 'Malkera', 16, 'active'),
(1464, 'Mango', 16, 'active'),
(1465, 'Manoharpur', 16, 'active'),
(1466, 'Marma', 16, 'active'),
(1467, 'Meghahatuburu Forest village', 16, 'active'),
(1468, 'Mera', 16, 'active'),
(1469, 'Meru', 16, 'active'),
(1470, 'Mihijam', 16, 'active'),
(1471, 'Mugma', 16, 'active'),
(1472, 'Muri', 16, 'active'),
(1473, 'Mushabani', 16, 'active'),
(1474, 'Nagri Kalan', 16, 'active'),
(1475, 'Netarhat', 16, 'active'),
(1476, 'Nirsa', 16, 'active'),
(1477, 'Noamundi', 16, 'active'),
(1478, 'Okni', 16, 'active'),
(1479, 'Orla', 16, 'active'),
(1480, 'Pakaur', 16, 'active'),
(1481, 'Palamau', 16, 'active'),
(1482, 'Palawa', 16, 'active'),
(1483, 'Panchet', 16, 'active'),
(1484, 'Panrra', 16, 'active'),
(1485, 'Paratdih', 16, 'active'),
(1486, 'Pathardih', 16, 'active'),
(1487, 'Patratu', 16, 'active'),
(1488, 'Phusro', 16, 'active'),
(1489, 'Pondar Kanali', 16, 'active'),
(1490, 'Rajmahal', 16, 'active'),
(1491, 'Ramgarh', 16, 'active'),
(1492, 'Ranchi', 16, 'active'),
(1493, 'Ray', 16, 'active'),
(1494, 'Rehla', 16, 'active'),
(1495, 'Religara', 16, 'active'),
(1496, 'Rohraband', 16, 'active'),
(1497, 'Sahibganj', 16, 'active'),
(1498, 'Sahnidih', 16, 'active'),
(1499, 'Saraidhela', 16, 'active'),
(1500, 'Saraikela', 16, 'active'),
(1501, 'Sarjamda', 16, 'active'),
(1502, 'Saunda', 16, 'active'),
(1503, 'Sewai', 16, 'active'),
(1504, 'Sijhua', 16, 'active'),
(1505, 'Sijua', 16, 'active'),
(1506, 'Simdega', 16, 'active'),
(1507, 'Sindari', 16, 'active'),
(1508, 'Sinduria', 16, 'active'),
(1509, 'Sini', 16, 'active'),
(1510, 'Sirka', 16, 'active'),
(1511, 'Siuliban', 16, 'active'),
(1512, 'Surubera', 16, 'active'),
(1513, 'Tati', 16, 'active'),
(1514, 'Tenudam', 16, 'active'),
(1515, 'Tisra', 16, 'active'),
(1516, 'Topa', 16, 'active'),
(1517, 'Topchanchi', 16, 'active'),
(1518, 'Adityanagar', 17, 'active'),
(1519, 'Adityapatna', 17, 'active'),
(1520, 'Afzalpur', 17, 'active'),
(1521, 'Ajjampur', 17, 'active'),
(1522, 'Aland', 17, 'active'),
(1523, 'Almatti Sitimani', 17, 'active'),
(1524, 'Alnavar', 17, 'active'),
(1525, 'Alur', 17, 'active'),
(1526, 'Ambikanagara', 17, 'active'),
(1527, 'Anekal', 17, 'active'),
(1528, 'Ankola', 17, 'active'),
(1529, 'Annigeri', 17, 'active'),
(1530, 'Arkalgud', 17, 'active'),
(1531, 'Arsikere', 17, 'active'),
(1532, 'Athni', 17, 'active'),
(1533, 'Aurad', 17, 'active'),
(1534, 'Badagavettu', 17, 'active'),
(1535, 'Badami', 17, 'active'),
(1536, 'Bagalkot', 17, 'active'),
(1537, 'Bagepalli', 17, 'active'),
(1538, 'Bailhongal', 17, 'active'),
(1539, 'Baindur', 17, 'active'),
(1540, 'Bajala', 17, 'active'),
(1541, 'Bajpe', 17, 'active'),
(1542, 'Banavar', 17, 'active'),
(1543, 'Bangarapet', 17, 'active'),
(1544, 'Bankapura', 17, 'active'),
(1545, 'Bannur', 17, 'active'),
(1546, 'Bantwal', 17, 'active'),
(1547, 'Basavakalyan', 17, 'active'),
(1548, 'Basavana Bagevadi', 17, 'active'),
(1549, 'Belagula', 17, 'active'),
(1550, 'Belakavadiq', 17, 'active'),
(1551, 'Belgaum', 17, 'active'),
(1552, 'Belgaum Cantonment', 17, 'active'),
(1553, 'Bellary', 17, 'active'),
(1554, 'Belluru', 17, 'active'),
(1555, 'Beltangadi', 17, 'active'),
(1556, 'Belur', 17, 'active'),
(1557, 'Belvata', 17, 'active'),
(1558, 'Bengaluru', 17, 'active'),
(1559, 'Bhadravati', 17, 'active'),
(1560, 'Bhalki', 17, 'active'),
(1561, 'Bhatkal', 17, 'active'),
(1562, 'Bhimarayanagudi', 17, 'active'),
(1563, 'Bhogadi', 17, 'active'),
(1564, 'Bidar', 17, 'active'),
(1565, 'Bijapur', 17, 'active'),
(1566, 'Bilgi', 17, 'active'),
(1567, 'Birur', 17, 'active'),
(1568, 'Bommanahalli', 17, 'active'),
(1569, 'Bommasandra', 17, 'active'),
(1570, 'Byadgi', 17, 'active'),
(1571, 'Byatarayanapura', 17, 'active'),
(1572, 'Chakranagar Colony', 17, 'active'),
(1573, 'Challakere', 17, 'active'),
(1574, 'Chamrajnagar', 17, 'active'),
(1575, 'Chamundi Betta', 17, 'active'),
(1576, 'Channagiri', 17, 'active'),
(1577, 'Channapatna', 17, 'active'),
(1578, 'Channarayapatna', 17, 'active'),
(1579, 'Chickballapur', 17, 'active'),
(1580, 'Chik Ballapur', 17, 'active'),
(1581, 'Chikkaballapur', 17, 'active'),
(1582, 'Chikmagalur', 17, 'active'),
(1583, 'Chiknayakanhalli', 17, 'active'),
(1584, 'Chikodi', 17, 'active'),
(1585, 'Chincholi', 17, 'active'),
(1586, 'Chintamani', 17, 'active'),
(1587, 'Chitaguppa', 17, 'active'),
(1588, 'Chitapur', 17, 'active'),
(1589, 'Chitradurga', 17, 'active'),
(1590, 'Coorg', 17, 'active'),
(1591, 'Dandeli', 17, 'active'),
(1592, 'Dargajogihalli', 17, 'active'),
(1593, 'Dasarahalli', 17, 'active'),
(1594, 'Davangere', 17, 'active'),
(1595, 'Devadurga', 17, 'active'),
(1596, 'Devagiri', 17, 'active'),
(1597, 'Devanhalli', 17, 'active'),
(1598, 'Dharwar', 17, 'active'),
(1599, 'Dhupdal', 17, 'active'),
(1600, 'Dod Ballapur', 17, 'active'),
(1601, 'Donimalai', 17, 'active'),
(1602, 'Gadag', 17, 'active'),
(1603, 'Gajendragarh', 17, 'active'),
(1604, 'Ganeshgudi', 17, 'active'),
(1605, 'Gangawati', 17, 'active'),
(1606, 'Gangoli', 17, 'active'),
(1607, 'Gauribidanur', 17, 'active');
INSERT INTO `tbl_city` (`id`, `name`, `sid`, `status`) VALUES
(1608, 'Gokak', 17, 'active'),
(1609, 'Gokak Falls', 17, 'active'),
(1610, 'Gonikoppal', 17, 'active'),
(1611, 'Gorur', 17, 'active'),
(1612, 'Gottikere', 17, 'active'),
(1613, 'Gubbi', 17, 'active'),
(1614, 'Gudibanda', 17, 'active'),
(1615, 'Gulbarga', 17, 'active'),
(1616, 'Guledgudda', 17, 'active'),
(1617, 'Gundlupet', 17, 'active'),
(1618, 'Gurmatkal', 17, 'active'),
(1619, 'Haliyal', 17, 'active'),
(1620, 'Hangal', 17, 'active'),
(1621, 'Harihar', 17, 'active'),
(1622, 'Harpanahalli', 17, 'active'),
(1623, 'Hassan', 17, 'active'),
(1624, 'Hatti', 17, 'active'),
(1625, 'Hatti Gold Mines', 17, 'active'),
(1626, 'Haveri', 17, 'active'),
(1627, 'Hebbagodi', 17, 'active'),
(1628, 'Hebbalu', 17, 'active'),
(1629, 'Hebri', 17, 'active'),
(1630, 'Heggadadevanakote', 17, 'active'),
(1631, 'Herohalli', 17, 'active'),
(1632, 'Hidkal', 17, 'active'),
(1633, 'Hindalgi', 17, 'active'),
(1634, 'Hirekerur', 17, 'active'),
(1635, 'Hiriyur', 17, 'active'),
(1636, 'Holalkere', 17, 'active'),
(1637, 'Hole Narsipur', 17, 'active'),
(1638, 'Homnabad', 17, 'active'),
(1639, 'Honavar', 17, 'active'),
(1640, 'Honnali', 17, 'active'),
(1641, 'Hosakote', 17, 'active'),
(1642, 'Hosanagara', 17, 'active'),
(1643, 'Hosangadi', 17, 'active'),
(1644, 'Hosdurga', 17, 'active'),
(1645, 'Hoskote', 17, 'active'),
(1646, 'Hospet', 17, 'active'),
(1647, 'Hubli', 17, 'active'),
(1648, 'Hukeri', 17, 'active'),
(1649, 'Hunasagi', 17, 'active'),
(1650, 'Hunasamaranahalli', 17, 'active'),
(1651, 'Hungund', 17, 'active'),
(1652, 'Hunsur', 17, 'active'),
(1653, 'Huvina Hadagalli', 17, 'active'),
(1654, 'Ilkal', 17, 'active'),
(1655, 'Indi', 17, 'active'),
(1656, 'Jagalur', 17, 'active'),
(1657, 'Jamkhandi', 17, 'active'),
(1658, 'Jevargi', 17, 'active'),
(1659, 'Jog Falls', 17, 'active'),
(1660, 'Kabini Colony', 17, 'active'),
(1661, 'Kadur', 17, 'active'),
(1662, 'Kalghatgi', 17, 'active'),
(1663, 'Kamalapuram', 17, 'active'),
(1664, 'Kampli', 17, 'active'),
(1665, 'Kanakapura', 17, 'active'),
(1666, 'Kangrali BK', 17, 'active'),
(1667, 'Kangrali KH', 17, 'active'),
(1668, 'Kannur', 17, 'active'),
(1669, 'Karkala', 17, 'active'),
(1670, 'Karwar', 17, 'active'),
(1671, 'Kemminja', 17, 'active'),
(1672, 'Kengeri', 17, 'active'),
(1673, 'Kerur', 17, 'active'),
(1674, 'Khanapur', 17, 'active'),
(1675, 'Kodigenahalli', 17, 'active'),
(1676, 'Kodiyal', 17, 'active'),
(1677, 'Kodlipet', 17, 'active'),
(1678, 'Kolar', 17, 'active'),
(1679, 'Kollegal', 17, 'active'),
(1680, 'Konanakunte', 17, 'active'),
(1681, 'Konanur', 17, 'active'),
(1682, 'Konnur', 17, 'active'),
(1683, 'Koppa', 17, 'active'),
(1684, 'Koppal', 17, 'active'),
(1685, 'Koratagere', 17, 'active'),
(1686, 'Kotekara', 17, 'active'),
(1687, 'Kothnur', 17, 'active'),
(1688, 'Kotturu', 17, 'active'),
(1689, 'Krishnapura', 17, 'active'),
(1690, 'Krishnarajanagar', 17, 'active'),
(1691, 'Krishnarajapura', 17, 'active'),
(1692, 'Krishnarajasagara', 17, 'active'),
(1693, 'Krishnarajpet', 17, 'active'),
(1694, 'Kudchi', 17, 'active'),
(1695, 'Kudligi', 17, 'active'),
(1696, 'Kudremukh', 17, 'active'),
(1697, 'Kumsi', 17, 'active'),
(1698, 'Kumta', 17, 'active'),
(1699, 'Kundapura', 17, 'active'),
(1700, 'Kundgol', 17, 'active'),
(1701, 'Kunigal', 17, 'active'),
(1702, 'Kurgunta', 17, 'active'),
(1703, 'Kushalnagar', 17, 'active'),
(1704, 'Kushtagi', 17, 'active'),
(1705, 'Kyathanahalli', 17, 'active'),
(1706, 'Lakshmeshwar', 17, 'active'),
(1707, 'Lingsugur', 17, 'active'),
(1708, 'Londa', 17, 'active'),
(1709, 'Maddur', 17, 'active'),
(1710, 'Madhugiri', 17, 'active'),
(1711, 'Madikeri', 17, 'active'),
(1712, 'Magadi', 17, 'active'),
(1713, 'Magod Falls', 17, 'active'),
(1714, 'Mahadeswara Hills', 17, 'active'),
(1715, 'Mahadevapura', 17, 'active'),
(1716, 'Mahalingpur', 17, 'active'),
(1717, 'Maisuru', 17, 'active'),
(1718, 'Maisuru Cantonment', 17, 'active'),
(1719, 'Malavalli', 17, 'active'),
(1720, 'Mallar', 17, 'active'),
(1721, 'Malpe', 17, 'active'),
(1722, 'Malur', 17, 'active'),
(1723, 'Manchenahalli', 17, 'active'),
(1724, 'Mandya', 17, 'active'),
(1725, 'Mangalore', 17, 'active'),
(1726, 'Mangaluru', 17, 'active'),
(1727, 'Manipal', 17, 'active'),
(1728, 'Manvi', 17, 'active'),
(1729, 'Maski', 17, 'active'),
(1730, 'Mastikatte Colony', 17, 'active'),
(1731, 'Mayakonda', 17, 'active'),
(1732, 'Melukote', 17, 'active'),
(1733, 'Molakalmuru', 17, 'active'),
(1734, 'Mudalgi', 17, 'active'),
(1735, 'Mudbidri', 17, 'active'),
(1736, 'Muddebihal', 17, 'active'),
(1737, 'Mudgal', 17, 'active'),
(1738, 'Mudhol', 17, 'active'),
(1739, 'Mudigere', 17, 'active'),
(1740, 'Mudushedde', 17, 'active'),
(1741, 'Mulbagal', 17, 'active'),
(1742, 'Mulgund', 17, 'active'),
(1743, 'Mulki', 17, 'active'),
(1744, 'Mulur', 17, 'active'),
(1745, 'Mundargi', 17, 'active'),
(1746, 'Mundgod', 17, 'active'),
(1747, 'Munirabad', 17, 'active'),
(1748, 'Munnur', 17, 'active'),
(1749, 'Murudeshwara', 17, 'active'),
(1750, 'Mysore', 17, 'active'),
(1751, 'Nagamangala', 17, 'active'),
(1752, 'Nanjangud', 17, 'active'),
(1753, 'Naragund', 17, 'active'),
(1754, 'Narasimharajapura', 17, 'active'),
(1755, 'Naravi', 17, 'active'),
(1756, 'Narayanpur', 17, 'active'),
(1757, 'Naregal', 17, 'active'),
(1758, 'Navalgund', 17, 'active'),
(1759, 'Nelmangala', 17, 'active'),
(1760, 'Nipani', 17, 'active'),
(1761, 'Nitte', 17, 'active'),
(1762, 'Nyamati', 17, 'active'),
(1763, 'Padu', 17, 'active'),
(1764, 'Pandavapura', 17, 'active'),
(1765, 'Pattanagere', 17, 'active'),
(1766, 'Pavagada', 17, 'active'),
(1767, 'Piriyapatna', 17, 'active'),
(1768, 'Ponnampet', 17, 'active'),
(1769, 'Puttur', 17, 'active'),
(1770, 'Rabkavi', 17, 'active'),
(1771, 'Raichur', 17, 'active'),
(1772, 'Ramanagaram', 17, 'active'),
(1773, 'Ramdurg', 17, 'active'),
(1774, 'Ranibennur', 17, 'active'),
(1775, 'Raybag', 17, 'active'),
(1776, 'Robertsonpet', 17, 'active'),
(1777, 'Ron', 17, 'active'),
(1778, 'Sadalgi', 17, 'active'),
(1779, 'Sagar', 17, 'active'),
(1780, 'Sakleshpur', 17, 'active'),
(1781, 'Saligram', 17, 'active'),
(1782, 'Sandur', 17, 'active'),
(1783, 'Sanivarsante', 17, 'active'),
(1784, 'Sankeshwar', 17, 'active'),
(1785, 'Sargur', 17, 'active'),
(1786, 'Sathyamangala', 17, 'active'),
(1787, 'Saundatti Yellamma', 17, 'active'),
(1788, 'Savanur', 17, 'active'),
(1789, 'Sedam', 17, 'active'),
(1790, 'Shahabad', 17, 'active'),
(1791, 'Shahabad A.C.C.', 17, 'active'),
(1792, 'Shahapur', 17, 'active'),
(1793, 'Shahpur', 17, 'active'),
(1794, 'Shaktinagar', 17, 'active'),
(1795, 'Shiggaon', 17, 'active'),
(1796, 'Shikarpur', 17, 'active'),
(1797, 'Shimoga', 17, 'active'),
(1798, 'Shirhatti', 17, 'active'),
(1799, 'Shorapur', 17, 'active'),
(1800, 'Shravanabelagola', 17, 'active'),
(1801, 'Shrirangapattana', 17, 'active'),
(1802, 'Siddapur', 17, 'active'),
(1803, 'Sidlaghatta', 17, 'active'),
(1804, 'Sindgi', 17, 'active'),
(1805, 'Sindhnur', 17, 'active'),
(1806, 'Sira', 17, 'active'),
(1807, 'Sirakoppa', 17, 'active'),
(1808, 'Sirsi', 17, 'active'),
(1809, 'Siruguppa', 17, 'active'),
(1810, 'Someshwar', 17, 'active'),
(1811, 'Somvarpet', 17, 'active'),
(1812, 'Sorab', 17, 'active'),
(1813, 'Sringeri', 17, 'active'),
(1814, 'Srinivaspur', 17, 'active'),
(1815, 'Sulya', 17, 'active'),
(1816, 'Suntikopa', 17, 'active'),
(1817, 'Talikota', 17, 'active'),
(1818, 'Tarikera', 17, 'active'),
(1819, 'Tekkalakota', 17, 'active'),
(1820, 'Terdal', 17, 'active'),
(1821, 'Thokur', 17, 'active'),
(1822, 'Thumbe', 17, 'active'),
(1823, 'Tiptur', 17, 'active'),
(1824, 'Tirthahalli', 17, 'active'),
(1825, 'Tirumakudal Narsipur', 17, 'active'),
(1826, 'Tonse', 17, 'active'),
(1827, 'Tumkur', 17, 'active'),
(1828, 'Turuvekere', 17, 'active'),
(1829, 'Udupi', 17, 'active'),
(1830, 'Ullal', 17, 'active'),
(1831, 'Uttarahalli', 17, 'active'),
(1832, 'Venkatapura', 17, 'active'),
(1833, 'Vijayapura', 17, 'active'),
(1834, 'Virarajendrapet', 17, 'active'),
(1835, 'Wadi', 17, 'active'),
(1836, 'Wadi A.C.C.', 17, 'active'),
(1837, 'Yadgir', 17, 'active'),
(1838, 'Yelahanka', 17, 'active'),
(1839, 'Yelandur', 17, 'active'),
(1840, 'Yelbarga', 17, 'active'),
(1841, 'Yellapur', 17, 'active'),
(1842, 'Yenagudde', 17, 'active'),
(1843, 'Adimaly', 19, 'active'),
(1844, 'Adoor', 19, 'active'),
(1845, 'Adur', 19, 'active'),
(1846, 'Akathiyur', 19, 'active'),
(1847, 'Alangad', 19, 'active'),
(1848, 'Alappuzha', 19, 'active'),
(1849, 'Aluva', 19, 'active'),
(1850, 'Ancharakandy', 19, 'active'),
(1851, 'Angamaly', 19, 'active'),
(1852, 'Aroor', 19, 'active'),
(1853, 'Arukutti', 19, 'active'),
(1854, 'Attingal', 19, 'active'),
(1855, 'Avinissery', 19, 'active'),
(1856, 'Azhikode North', 19, 'active'),
(1857, 'Azhikode South', 19, 'active'),
(1858, 'Azhiyur', 19, 'active'),
(1859, 'Balussery', 19, 'active'),
(1860, 'Bangramanjeshwar', 19, 'active'),
(1861, 'Beypur', 19, 'active'),
(1862, 'Brahmakulam', 19, 'active'),
(1863, 'Chala', 19, 'active'),
(1864, 'Chalakudi', 19, 'active'),
(1865, 'Changanacheri', 19, 'active'),
(1866, 'Chauwara', 19, 'active'),
(1867, 'Chavakkad', 19, 'active'),
(1868, 'Chelakkara', 19, 'active'),
(1869, 'Chelora', 19, 'active'),
(1870, 'Chendamangalam', 19, 'active'),
(1871, 'Chengamanad', 19, 'active'),
(1872, 'Chengannur', 19, 'active'),
(1873, 'Cheranallur', 19, 'active'),
(1874, 'Cheriyakadavu', 19, 'active'),
(1875, 'Cherthala', 19, 'active'),
(1876, 'Cherukunnu', 19, 'active'),
(1877, 'Cheruthazham', 19, 'active'),
(1878, 'Cheruvannur', 19, 'active'),
(1879, 'Cheruvattur', 19, 'active'),
(1880, 'Chevvur', 19, 'active'),
(1881, 'Chirakkal', 19, 'active'),
(1882, 'Chittur', 19, 'active'),
(1883, 'Chockli', 19, 'active'),
(1884, 'Churnikkara', 19, 'active'),
(1885, 'Dharmadam', 19, 'active'),
(1886, 'Edappal', 19, 'active'),
(1887, 'Edathala', 19, 'active'),
(1888, 'Elayavur', 19, 'active'),
(1889, 'Elur', 19, 'active'),
(1890, 'Eranholi', 19, 'active'),
(1891, 'Erattupetta', 19, 'active'),
(1892, 'Ernakulam', 19, 'active'),
(1893, 'Eruvatti', 19, 'active'),
(1894, 'Ettumanoor', 19, 'active'),
(1895, 'Feroke', 19, 'active'),
(1896, 'Guruvayur', 19, 'active'),
(1897, 'Haripad', 19, 'active'),
(1898, 'Hosabettu', 19, 'active'),
(1899, 'Idukki', 19, 'active'),
(1900, 'Iringaprom', 19, 'active'),
(1901, 'Irinjalakuda', 19, 'active'),
(1902, 'Iriveri', 19, 'active'),
(1903, 'Kadachira', 19, 'active'),
(1904, 'Kadalundi', 19, 'active'),
(1905, 'Kadamakkudy', 19, 'active'),
(1906, 'Kadirur', 19, 'active'),
(1907, 'Kadungallur', 19, 'active'),
(1908, 'Kakkodi', 19, 'active'),
(1909, 'Kalady', 19, 'active'),
(1910, 'Kalamassery', 19, 'active'),
(1911, 'Kalliasseri', 19, 'active'),
(1912, 'Kalpetta', 19, 'active'),
(1913, 'Kanhangad', 19, 'active'),
(1914, 'Kanhirode', 19, 'active'),
(1915, 'Kanjikkuzhi', 19, 'active'),
(1916, 'Kanjikode', 19, 'active'),
(1917, 'Kanjirappalli', 19, 'active'),
(1918, 'Kannadiparamba', 19, 'active'),
(1919, 'Kannangad', 19, 'active'),
(1920, 'Kannapuram', 19, 'active'),
(1921, 'Kannur', 19, 'active'),
(1922, 'Kannur Cantonment', 19, 'active'),
(1923, 'Karunagappally', 19, 'active'),
(1924, 'Karuvamyhuruthy', 19, 'active'),
(1925, 'Kasaragod', 19, 'active'),
(1926, 'Kasargod', 19, 'active'),
(1927, 'Kattappana', 19, 'active'),
(1928, 'Kayamkulam', 19, 'active'),
(1929, 'Kedamangalam', 19, 'active'),
(1930, 'Kochi', 19, 'active'),
(1931, 'Kodamthuruthu', 19, 'active'),
(1932, 'Kodungallur', 19, 'active'),
(1933, 'Koduvally', 19, 'active'),
(1934, 'Koduvayur', 19, 'active'),
(1935, 'Kokkothamangalam', 19, 'active'),
(1936, 'Kolazhy', 19, 'active'),
(1937, 'Kollam', 19, 'active'),
(1938, 'Komalapuram', 19, 'active'),
(1939, 'Koothattukulam', 19, 'active'),
(1940, 'Koratty', 19, 'active'),
(1941, 'Kothamangalam', 19, 'active'),
(1942, 'Kottarakkara', 19, 'active'),
(1943, 'Kottayam', 19, 'active'),
(1944, 'Kottayam Malabar', 19, 'active'),
(1945, 'Kottuvally', 19, 'active'),
(1946, 'Koyilandi', 19, 'active'),
(1947, 'Kozhikode', 19, 'active'),
(1948, 'Kudappanakunnu', 19, 'active'),
(1949, 'Kudlu', 19, 'active'),
(1950, 'Kumarakom', 19, 'active'),
(1951, 'Kumily', 19, 'active'),
(1952, 'Kunnamangalam', 19, 'active'),
(1953, 'Kunnamkulam', 19, 'active'),
(1954, 'Kurikkad', 19, 'active'),
(1955, 'Kurkkanchery', 19, 'active'),
(1956, 'Kuthuparamba', 19, 'active'),
(1957, 'Kuttakulam', 19, 'active'),
(1958, 'Kuttikkattur', 19, 'active'),
(1959, 'Kuttur', 19, 'active'),
(1960, 'Malappuram', 19, 'active'),
(1961, 'Mallappally', 19, 'active'),
(1962, 'Manjeri', 19, 'active'),
(1963, 'Manjeshwar', 19, 'active'),
(1964, 'Mannancherry', 19, 'active'),
(1965, 'Mannar', 19, 'active'),
(1966, 'Mannarakkat', 19, 'active'),
(1967, 'Maradu', 19, 'active'),
(1968, 'Marathakkara', 19, 'active'),
(1969, 'Marutharod', 19, 'active'),
(1970, 'Mattannur', 19, 'active'),
(1971, 'Mavelikara', 19, 'active'),
(1972, 'Mavilayi', 19, 'active'),
(1973, 'Mavur', 19, 'active'),
(1974, 'Methala', 19, 'active'),
(1975, 'Muhamma', 19, 'active'),
(1976, 'Mulavukad', 19, 'active'),
(1977, 'Mundakayam', 19, 'active'),
(1978, 'Munderi', 19, 'active'),
(1979, 'Munnar', 19, 'active'),
(1980, 'Muthakunnam', 19, 'active'),
(1981, 'Muvattupuzha', 19, 'active'),
(1982, 'Muzhappilangad', 19, 'active'),
(1983, 'Nadapuram', 19, 'active'),
(1984, 'Nadathara', 19, 'active'),
(1985, 'Narath', 19, 'active'),
(1986, 'Nattakam', 19, 'active'),
(1987, 'Nedumangad', 19, 'active'),
(1988, 'Nenmenikkara', 19, 'active'),
(1989, 'New Mahe', 19, 'active'),
(1990, 'Neyyattinkara', 19, 'active'),
(1991, 'Nileshwar', 19, 'active'),
(1992, 'Olavanna', 19, 'active'),
(1993, 'Ottapalam', 19, 'active'),
(1994, 'Ottappalam', 19, 'active'),
(1995, 'Paduvilayi', 19, 'active'),
(1996, 'Palai', 19, 'active'),
(1997, 'Palakkad', 19, 'active'),
(1998, 'Palayad', 19, 'active'),
(1999, 'Palissery', 19, 'active'),
(2000, 'Pallikkunnu', 19, 'active'),
(2001, 'Paluvai', 19, 'active'),
(2002, 'Panniyannur', 19, 'active'),
(2003, 'Pantalam', 19, 'active'),
(2004, 'Panthiramkavu', 19, 'active'),
(2005, 'Panur', 19, 'active'),
(2006, 'Pappinisseri', 19, 'active'),
(2007, 'Parassala', 19, 'active'),
(2008, 'Paravur', 19, 'active'),
(2009, 'Pathanamthitta', 19, 'active'),
(2010, 'Pathanapuram', 19, 'active'),
(2011, 'Pathiriyad', 19, 'active'),
(2012, 'Pattambi', 19, 'active'),
(2013, 'Pattiom', 19, 'active'),
(2014, 'Pavaratty', 19, 'active'),
(2015, 'Payyannur', 19, 'active'),
(2016, 'Peermade', 19, 'active'),
(2017, 'Perakam', 19, 'active'),
(2018, 'Peralasseri', 19, 'active'),
(2019, 'Peringathur', 19, 'active'),
(2020, 'Perinthalmanna', 19, 'active'),
(2021, 'Perole', 19, 'active'),
(2022, 'Perumanna', 19, 'active'),
(2023, 'Perumbaikadu', 19, 'active'),
(2024, 'Perumbavoor', 19, 'active'),
(2025, 'Pinarayi', 19, 'active'),
(2026, 'Piravam', 19, 'active'),
(2027, 'Ponnani', 19, 'active'),
(2028, 'Pottore', 19, 'active'),
(2029, 'Pudukad', 19, 'active'),
(2030, 'Punalur', 19, 'active'),
(2031, 'Puranattukara', 19, 'active'),
(2032, 'Puthunagaram', 19, 'active'),
(2033, 'Puthuppariyaram', 19, 'active'),
(2034, 'Puzhathi', 19, 'active'),
(2035, 'Ramanattukara', 19, 'active'),
(2036, 'Shoranur', 19, 'active'),
(2037, 'Sultans Battery', 19, 'active'),
(2038, 'Sulthan Bathery', 19, 'active'),
(2039, 'Talipparamba', 19, 'active'),
(2040, 'Thaikkad', 19, 'active'),
(2041, 'Thalassery', 19, 'active'),
(2042, 'Thannirmukkam', 19, 'active'),
(2043, 'Theyyalingal', 19, 'active'),
(2044, 'Thiruvalla', 19, 'active'),
(2045, 'Thiruvananthapuram', 19, 'active'),
(2046, 'Thiruvankulam', 19, 'active'),
(2047, 'Thodupuzha', 19, 'active'),
(2048, 'Thottada', 19, 'active'),
(2049, 'Thrippunithura', 19, 'active'),
(2050, 'Thrissur', 19, 'active'),
(2051, 'Tirur', 19, 'active'),
(2052, 'Udma', 19, 'active'),
(2053, 'Vadakara', 19, 'active'),
(2054, 'Vaikam', 19, 'active'),
(2055, 'Valapattam', 19, 'active'),
(2056, 'Vallachira', 19, 'active'),
(2057, 'Varam', 19, 'active'),
(2058, 'Varappuzha', 19, 'active'),
(2059, 'Varkala', 19, 'active'),
(2060, 'Vayalar', 19, 'active'),
(2061, 'Vazhakkala', 19, 'active'),
(2062, 'Venmanad', 19, 'active'),
(2063, 'Villiappally', 19, 'active'),
(2064, 'Wayanad', 19, 'active'),
(2065, 'Agethi', 20, 'active'),
(2066, 'Amini', 20, 'active'),
(2067, 'Androth Island', 20, 'active'),
(2068, 'Kavaratti', 20, 'active'),
(2069, 'Minicoy', 20, 'active'),
(2070, 'Agar', 21, 'active'),
(2071, 'Ajaigarh', 21, 'active'),
(2072, 'Akoda', 21, 'active'),
(2073, 'Akodia', 21, 'active'),
(2074, 'Alampur', 21, 'active'),
(2075, 'Alirajpur', 21, 'active'),
(2076, 'Alot', 21, 'active'),
(2077, 'Amanganj', 21, 'active'),
(2078, 'Amarkantak', 21, 'active'),
(2079, 'Amarpatan', 21, 'active'),
(2080, 'Amarwara', 21, 'active'),
(2081, 'Ambada', 21, 'active'),
(2082, 'Ambah', 21, 'active'),
(2083, 'Amla', 21, 'active'),
(2084, 'Amlai', 21, 'active'),
(2085, 'Anjad', 21, 'active'),
(2086, 'Antri', 21, 'active'),
(2087, 'Anuppur', 21, 'active'),
(2088, 'Aron', 21, 'active'),
(2089, 'Ashoknagar', 21, 'active'),
(2090, 'Ashta', 21, 'active'),
(2091, 'Babai', 21, 'active'),
(2092, 'Bada Malhera', 21, 'active'),
(2093, 'Badagaon', 21, 'active'),
(2094, 'Badagoan', 21, 'active'),
(2095, 'Badarwas', 21, 'active'),
(2096, 'Badawada', 21, 'active'),
(2097, 'Badi', 21, 'active'),
(2098, 'Badkuhi', 21, 'active'),
(2099, 'Badnagar', 21, 'active'),
(2100, 'Badnawar', 21, 'active'),
(2101, 'Badod', 21, 'active'),
(2102, 'Badoda', 21, 'active'),
(2103, 'Badra', 21, 'active'),
(2104, 'Bagh', 21, 'active'),
(2105, 'Bagli', 21, 'active'),
(2106, 'Baihar', 21, 'active'),
(2107, 'Baikunthpur', 21, 'active'),
(2108, 'Bakswaha', 21, 'active'),
(2109, 'Balaghat', 21, 'active'),
(2110, 'Baldeogarh', 21, 'active'),
(2111, 'Bamaniya', 21, 'active'),
(2112, 'Bamhani', 21, 'active'),
(2113, 'Bamor', 21, 'active'),
(2114, 'Bamora', 21, 'active'),
(2115, 'Banda', 21, 'active'),
(2116, 'Bangawan', 21, 'active'),
(2117, 'Bansatar Kheda', 21, 'active'),
(2118, 'Baraily', 21, 'active'),
(2119, 'Barela', 21, 'active'),
(2120, 'Barghat', 21, 'active'),
(2121, 'Bargi', 21, 'active'),
(2122, 'Barhi', 21, 'active'),
(2123, 'Barigarh', 21, 'active'),
(2124, 'Barwaha', 21, 'active'),
(2125, 'Barwani', 21, 'active'),
(2126, 'Basoda', 21, 'active'),
(2127, 'Begamganj', 21, 'active'),
(2128, 'Beohari', 21, 'active'),
(2129, 'Berasia', 21, 'active'),
(2130, 'Betma', 21, 'active'),
(2131, 'Betul', 21, 'active'),
(2132, 'Betul Bazar', 21, 'active'),
(2133, 'Bhainsdehi', 21, 'active'),
(2134, 'Bhamodi', 21, 'active'),
(2135, 'Bhander', 21, 'active'),
(2136, 'Bhanpura', 21, 'active'),
(2137, 'Bharveli', 21, 'active'),
(2138, 'Bhaurasa', 21, 'active'),
(2139, 'Bhavra', 21, 'active'),
(2140, 'Bhedaghat', 21, 'active'),
(2141, 'Bhikangaon', 21, 'active'),
(2142, 'Bhilakhedi', 21, 'active'),
(2143, 'Bhind', 21, 'active'),
(2144, 'Bhitarwar', 21, 'active'),
(2145, 'Bhopal', 21, 'active'),
(2146, 'Bhuibandh', 21, 'active'),
(2147, 'Biaora', 21, 'active'),
(2148, 'Bijawar', 21, 'active'),
(2149, 'Bijeypur', 21, 'active'),
(2150, 'Bijrauni', 21, 'active'),
(2151, 'Bijuri', 21, 'active'),
(2152, 'Bilaua', 21, 'active'),
(2153, 'Bilpura', 21, 'active'),
(2154, 'Bina Railway Colony', 21, 'active'),
(2155, 'Bina-Etawa', 21, 'active'),
(2156, 'Birsinghpur', 21, 'active'),
(2157, 'Boda', 21, 'active'),
(2158, 'Budhni', 21, 'active'),
(2159, 'Burhanpur', 21, 'active'),
(2160, 'Burhar', 21, 'active'),
(2161, 'Chachaura Binaganj', 21, 'active'),
(2162, 'Chakghat', 21, 'active'),
(2163, 'Chandameta Butar', 21, 'active'),
(2164, 'Chanderi', 21, 'active'),
(2165, 'Chandia', 21, 'active'),
(2166, 'Chandla', 21, 'active'),
(2167, 'Chaurai Khas', 21, 'active'),
(2168, 'Chhatarpur', 21, 'active'),
(2169, 'Chhindwara', 21, 'active'),
(2170, 'Chhota Chhindwara', 21, 'active'),
(2171, 'Chichli', 21, 'active'),
(2172, 'Chitrakut', 21, 'active'),
(2173, 'Churhat', 21, 'active'),
(2174, 'Daboh', 21, 'active'),
(2175, 'Dabra', 21, 'active'),
(2176, 'Damoh', 21, 'active'),
(2177, 'Damua', 21, 'active'),
(2178, 'Datia', 21, 'active'),
(2179, 'Deodara', 21, 'active'),
(2180, 'Deori', 21, 'active'),
(2181, 'Deori Khas', 21, 'active'),
(2182, 'Depalpur', 21, 'active'),
(2183, 'Devendranagar', 21, 'active'),
(2184, 'Devhara', 21, 'active'),
(2185, 'Dewas', 21, 'active'),
(2186, 'Dhamnod', 21, 'active'),
(2187, 'Dhana', 21, 'active'),
(2188, 'Dhanpuri', 21, 'active'),
(2189, 'Dhar', 21, 'active'),
(2190, 'Dharampuri', 21, 'active'),
(2191, 'Dighawani', 21, 'active'),
(2192, 'Diken', 21, 'active'),
(2193, 'Dindori', 21, 'active'),
(2194, 'Dola', 21, 'active'),
(2195, 'Dumar Kachhar', 21, 'active'),
(2196, 'Dungariya Chhapara', 21, 'active'),
(2197, 'Gadarwara', 21, 'active'),
(2198, 'Gairatganj', 21, 'active'),
(2199, 'Gandhi Sagar Hydel Colony', 21, 'active'),
(2200, 'Ganjbasoda', 21, 'active'),
(2201, 'Garhakota', 21, 'active'),
(2202, 'Garhi Malhara', 21, 'active'),
(2203, 'Garoth', 21, 'active'),
(2204, 'Gautapura', 21, 'active'),
(2205, 'Ghansor', 21, 'active'),
(2206, 'Ghuwara', 21, 'active'),
(2207, 'Gogaon', 21, 'active'),
(2208, 'Gogapur', 21, 'active'),
(2209, 'Gohad', 21, 'active'),
(2210, 'Gormi', 21, 'active'),
(2211, 'Govindgarh', 21, 'active'),
(2212, 'Guna', 21, 'active'),
(2213, 'Gurh', 21, 'active'),
(2214, 'Gwalior', 21, 'active'),
(2215, 'Hanumana', 21, 'active'),
(2216, 'Harda', 21, 'active'),
(2217, 'Harpalpur', 21, 'active'),
(2218, 'Harrai', 21, 'active'),
(2219, 'Harsud', 21, 'active'),
(2220, 'Hatod', 21, 'active'),
(2221, 'Hatpipalya', 21, 'active'),
(2222, 'Hatta', 21, 'active'),
(2223, 'Hindoria', 21, 'active'),
(2224, 'Hirapur', 21, 'active'),
(2225, 'Hoshangabad', 21, 'active'),
(2226, 'Ichhawar', 21, 'active'),
(2227, 'Iklehra', 21, 'active'),
(2228, 'Indergarh', 21, 'active'),
(2229, 'Indore', 21, 'active'),
(2230, 'Isagarh', 21, 'active'),
(2231, 'Itarsi', 21, 'active'),
(2232, 'Jabalpur', 21, 'active'),
(2233, 'Jabalpur Cantonment', 21, 'active'),
(2234, 'Jabalpur G.C.F', 21, 'active'),
(2235, 'Jaisinghnagar', 21, 'active'),
(2236, 'Jaithari', 21, 'active'),
(2237, 'Jaitwara', 21, 'active'),
(2238, 'Jamai', 21, 'active'),
(2239, 'Jaora', 21, 'active'),
(2240, 'Jatachhapar', 21, 'active'),
(2241, 'Jatara', 21, 'active'),
(2242, 'Jawad', 21, 'active'),
(2243, 'Jawar', 21, 'active'),
(2244, 'Jeronkhalsa', 21, 'active'),
(2245, 'Jhabua', 21, 'active'),
(2246, 'Jhundpura', 21, 'active'),
(2247, 'Jiran', 21, 'active'),
(2248, 'Jirapur', 21, 'active'),
(2249, 'Jobat', 21, 'active'),
(2250, 'Joura', 21, 'active'),
(2251, 'Kailaras', 21, 'active'),
(2252, 'Kaimur', 21, 'active'),
(2253, 'Kakarhati', 21, 'active'),
(2254, 'Kalichhapar', 21, 'active'),
(2255, 'Kanad', 21, 'active'),
(2256, 'Kannod', 21, 'active'),
(2257, 'Kantaphod', 21, 'active'),
(2258, 'Kareli', 21, 'active'),
(2259, 'Karera', 21, 'active'),
(2260, 'Kari', 21, 'active'),
(2261, 'Karnawad', 21, 'active'),
(2262, 'Karrapur', 21, 'active'),
(2263, 'Kasrawad', 21, 'active'),
(2264, 'Katangi', 21, 'active'),
(2265, 'Katni', 21, 'active'),
(2266, 'Kelhauri', 21, 'active'),
(2267, 'Khachrod', 21, 'active'),
(2268, 'Khajuraho', 21, 'active'),
(2269, 'Khamaria', 21, 'active'),
(2270, 'Khand', 21, 'active'),
(2271, 'Khandwa', 21, 'active'),
(2272, 'Khaniyadhana', 21, 'active'),
(2273, 'Khargapur', 21, 'active'),
(2274, 'Khargone', 21, 'active'),
(2275, 'Khategaon', 21, 'active'),
(2276, 'Khetia', 21, 'active'),
(2277, 'Khilchipur', 21, 'active'),
(2278, 'Khirkiya', 21, 'active'),
(2279, 'Khujner', 21, 'active'),
(2280, 'Khurai', 21, 'active'),
(2281, 'Kolaras', 21, 'active'),
(2282, 'Kotar', 21, 'active'),
(2283, 'Kothi', 21, 'active'),
(2284, 'Kotma', 21, 'active'),
(2285, 'Kukshi', 21, 'active'),
(2286, 'Kumbhraj', 21, 'active'),
(2287, 'Kurwai', 21, 'active'),
(2288, 'Lahar', 21, 'active'),
(2289, 'Lakhnadon', 21, 'active'),
(2290, 'Lateri', 21, 'active'),
(2291, 'Laundi', 21, 'active'),
(2292, 'Lidhora Khas', 21, 'active'),
(2293, 'Lodhikheda', 21, 'active'),
(2294, 'Loharda', 21, 'active'),
(2295, 'Machalpur', 21, 'active'),
(2296, 'Madhogarh', 21, 'active'),
(2297, 'Maharajpur', 21, 'active'),
(2298, 'Maheshwar', 21, 'active'),
(2299, 'Mahidpur', 21, 'active'),
(2300, 'Maihar', 21, 'active'),
(2301, 'Majholi', 21, 'active'),
(2302, 'Makronia', 21, 'active'),
(2303, 'Maksi', 21, 'active'),
(2304, 'Malaj Khand', 21, 'active'),
(2305, 'Malanpur', 21, 'active'),
(2306, 'Malhargarh', 21, 'active'),
(2307, 'Manasa', 21, 'active'),
(2308, 'Manawar', 21, 'active'),
(2309, 'Mandav', 21, 'active'),
(2310, 'Mandideep', 21, 'active'),
(2311, 'Mandla', 21, 'active'),
(2312, 'Mandleshwar', 21, 'active'),
(2313, 'Mandsaur', 21, 'active'),
(2314, 'Manegaon', 21, 'active'),
(2315, 'Mangawan', 21, 'active'),
(2316, 'Manglaya Sadak', 21, 'active'),
(2317, 'Manpur', 21, 'active'),
(2318, 'Mau', 21, 'active'),
(2319, 'Mauganj', 21, 'active'),
(2320, 'Meghnagar', 21, 'active'),
(2321, 'Mehara Gaon', 21, 'active'),
(2322, 'Mehgaon', 21, 'active'),
(2323, 'Mhaugaon', 21, 'active'),
(2324, 'Mhow', 21, 'active'),
(2325, 'Mihona', 21, 'active'),
(2326, 'Mohgaon', 21, 'active'),
(2327, 'Morar', 21, 'active'),
(2328, 'Morena', 21, 'active'),
(2329, 'Morwa', 21, 'active'),
(2330, 'Multai', 21, 'active'),
(2331, 'Mundi', 21, 'active'),
(2332, 'Mungaoli', 21, 'active'),
(2333, 'Murwara', 21, 'active'),
(2334, 'Nagda', 21, 'active'),
(2335, 'Nagod', 21, 'active'),
(2336, 'Nagri', 21, 'active'),
(2337, 'Naigarhi', 21, 'active'),
(2338, 'Nainpur', 21, 'active'),
(2339, 'Nalkheda', 21, 'active'),
(2340, 'Namli', 21, 'active'),
(2341, 'Narayangarh', 21, 'active'),
(2342, 'Narsimhapur', 21, 'active'),
(2343, 'Narsingarh', 21, 'active'),
(2344, 'Narsinghpur', 21, 'active'),
(2345, 'Narwar', 21, 'active'),
(2346, 'Nasrullaganj', 21, 'active'),
(2347, 'Naudhia', 21, 'active'),
(2348, 'Naugaon', 21, 'active'),
(2349, 'Naurozabad', 21, 'active'),
(2350, 'Neemuch', 21, 'active'),
(2351, 'Nepa Nagar', 21, 'active'),
(2352, 'Neuton Chikhli Kalan', 21, 'active'),
(2353, 'Nimach', 21, 'active'),
(2354, 'Niwari', 21, 'active'),
(2355, 'Obedullaganj', 21, 'active'),
(2356, 'Omkareshwar', 21, 'active'),
(2357, 'Orachha', 21, 'active'),
(2358, 'Ordinance Factory Itarsi', 21, 'active'),
(2359, 'Pachmarhi', 21, 'active'),
(2360, 'Pachmarhi Cantonment', 21, 'active'),
(2361, 'Pachore', 21, 'active'),
(2362, 'Palchorai', 21, 'active'),
(2363, 'Palda', 21, 'active'),
(2364, 'Palera', 21, 'active'),
(2365, 'Pali', 21, 'active'),
(2366, 'Panagar', 21, 'active'),
(2367, 'Panara', 21, 'active'),
(2368, 'Pandaria', 21, 'active'),
(2369, 'Pandhana', 21, 'active'),
(2370, 'Pandhurna', 21, 'active'),
(2371, 'Panna', 21, 'active'),
(2372, 'Pansemal', 21, 'active'),
(2373, 'Parasia', 21, 'active'),
(2374, 'Pasan', 21, 'active'),
(2375, 'Patan', 21, 'active'),
(2376, 'Patharia', 21, 'active'),
(2377, 'Pawai', 21, 'active'),
(2378, 'Petlawad', 21, 'active'),
(2379, 'Phuph Kalan', 21, 'active'),
(2380, 'Pichhore', 21, 'active'),
(2381, 'Pipariya', 21, 'active'),
(2382, 'Pipliya Mandi', 21, 'active'),
(2383, 'Piploda', 21, 'active'),
(2384, 'Pithampur', 21, 'active'),
(2385, 'Polay Kalan', 21, 'active'),
(2386, 'Porsa', 21, 'active'),
(2387, 'Prithvipur', 21, 'active'),
(2388, 'Raghogarh', 21, 'active'),
(2389, 'Rahatgarh', 21, 'active'),
(2390, 'Raisen', 21, 'active'),
(2391, 'Rajakhedi', 21, 'active'),
(2392, 'Rajgarh', 21, 'active'),
(2393, 'Rajnagar', 21, 'active'),
(2394, 'Rajpur', 21, 'active'),
(2395, 'Rampur Baghelan', 21, 'active'),
(2396, 'Rampur Naikin', 21, 'active'),
(2397, 'Rampura', 21, 'active'),
(2398, 'Ranapur', 21, 'active'),
(2399, 'Ranipura', 21, 'active'),
(2400, 'Ratangarh', 21, 'active'),
(2401, 'Ratlam', 21, 'active'),
(2402, 'Ratlam Kasba', 21, 'active'),
(2403, 'Rau', 21, 'active'),
(2404, 'Rehli', 21, 'active'),
(2405, 'Rehti', 21, 'active'),
(2406, 'Rewa', 21, 'active'),
(2407, 'Sabalgarh', 21, 'active'),
(2408, 'Sagar', 21, 'active'),
(2409, 'Sagar Cantonment', 21, 'active'),
(2410, 'Sailana', 21, 'active'),
(2411, 'Sanawad', 21, 'active'),
(2412, 'Sanchi', 21, 'active'),
(2413, 'Sanwer', 21, 'active'),
(2414, 'Sarangpur', 21, 'active'),
(2415, 'Sardarpur', 21, 'active'),
(2416, 'Sarni', 21, 'active'),
(2417, 'Satai', 21, 'active'),
(2418, 'Satna', 21, 'active'),
(2419, 'Satwas', 21, 'active'),
(2420, 'Sausar', 21, 'active'),
(2421, 'Sehore', 21, 'active'),
(2422, 'Semaria', 21, 'active'),
(2423, 'Sendhwa', 21, 'active'),
(2424, 'Seondha', 21, 'active'),
(2425, 'Seoni', 21, 'active'),
(2426, 'Seoni Malwa', 21, 'active'),
(2427, 'Sethia', 21, 'active'),
(2428, 'Shahdol', 21, 'active'),
(2429, 'Shahgarh', 21, 'active'),
(2430, 'Shahpur', 21, 'active'),
(2431, 'Shahpura', 21, 'active'),
(2432, 'Shajapur', 21, 'active'),
(2433, 'Shamgarh', 21, 'active'),
(2434, 'Sheopur', 21, 'active'),
(2435, 'Shivpuri', 21, 'active'),
(2436, 'Shujalpur', 21, 'active'),
(2437, 'Sidhi', 21, 'active'),
(2438, 'Sihora', 21, 'active'),
(2439, 'Singolo', 21, 'active'),
(2440, 'Singrauli', 21, 'active'),
(2441, 'Sinhasa', 21, 'active'),
(2442, 'Sirgora', 21, 'active'),
(2443, 'Sirmaur', 21, 'active'),
(2444, 'Sironj', 21, 'active'),
(2445, 'Sitamau', 21, 'active'),
(2446, 'Sohagpur', 21, 'active'),
(2447, 'Sonkatch', 21, 'active'),
(2448, 'Soyatkalan', 21, 'active'),
(2449, 'Suhagi', 21, 'active'),
(2450, 'Sultanpur', 21, 'active'),
(2451, 'Susner', 21, 'active'),
(2452, 'Suthaliya', 21, 'active'),
(2453, 'Tal', 21, 'active'),
(2454, 'Talen', 21, 'active'),
(2455, 'Tarana', 21, 'active'),
(2456, 'Taricharkalan', 21, 'active'),
(2457, 'Tekanpur', 21, 'active'),
(2458, 'Tendukheda', 21, 'active'),
(2459, 'Teonthar', 21, 'active'),
(2460, 'Thandia', 21, 'active'),
(2461, 'Tikamgarh', 21, 'active'),
(2462, 'Timarni', 21, 'active'),
(2463, 'Tirodi', 21, 'active'),
(2464, 'Udaipura', 21, 'active'),
(2465, 'Ujjain', 21, 'active'),
(2466, 'Ukwa', 21, 'active'),
(2467, 'Umaria', 21, 'active'),
(2468, 'Unchahara', 21, 'active'),
(2469, 'Unhel', 21, 'active'),
(2470, 'Vehicle Factory Jabalpur', 21, 'active'),
(2471, 'Vidisha', 21, 'active'),
(2472, 'Vijayraghavgarh', 21, 'active'),
(2473, 'Waraseoni', 21, 'active'),
(2474, 'Achalpur', 22, 'active'),
(2475, 'Aheri', 22, 'active'),
(2476, 'Ahmadnagar Cantonment', 22, 'active'),
(2477, 'Ahmadpur', 22, 'active'),
(2478, 'Ahmednagar', 22, 'active'),
(2479, 'Ajra', 22, 'active'),
(2480, 'Akalkot', 22, 'active'),
(2481, 'Akkalkuwa', 22, 'active'),
(2482, 'Akola', 22, 'active'),
(2483, 'Akot', 22, 'active'),
(2484, 'Alandi', 22, 'active'),
(2485, 'Alibag', 22, 'active'),
(2486, 'Allapalli', 22, 'active'),
(2487, 'Alore', 22, 'active'),
(2488, 'Amalner', 22, 'active'),
(2489, 'Ambad', 22, 'active'),
(2490, 'Ambajogai', 22, 'active'),
(2491, 'Ambernath', 22, 'active'),
(2492, 'Ambivali Tarf Wankhal', 22, 'active'),
(2493, 'Amgaon', 22, 'active'),
(2494, 'Amravati', 22, 'active'),
(2495, 'Anjangaon', 22, 'active'),
(2496, 'Arvi', 22, 'active'),
(2497, 'Ashta', 22, 'active'),
(2498, 'Ashti', 22, 'active'),
(2499, 'Aurangabad', 22, 'active'),
(2500, 'Aurangabad Cantonment', 22, 'active'),
(2501, 'Ausa', 22, 'active'),
(2502, 'Babhulgaon', 22, 'active'),
(2503, 'Badlapur', 22, 'active'),
(2504, 'Balapur', 22, 'active'),
(2505, 'Ballarpur', 22, 'active'),
(2506, 'Baramati', 22, 'active'),
(2507, 'Barshi', 22, 'active'),
(2508, 'Basmat', 22, 'active'),
(2509, 'Beed', 22, 'active'),
(2510, 'Bhadravati', 22, 'active'),
(2511, 'Bhagur', 22, 'active'),
(2512, 'Bhandara', 22, 'active'),
(2513, 'Bhigvan', 22, 'active'),
(2514, 'Bhingar', 22, 'active'),
(2515, 'Bhiwandi', 22, 'active'),
(2516, 'Bhokhardan', 22, 'active'),
(2517, 'Bhor', 22, 'active'),
(2518, 'Bhosari', 22, 'active'),
(2519, 'Bhum', 22, 'active'),
(2520, 'Bhusawal', 22, 'active'),
(2521, 'Bid', 22, 'active'),
(2522, 'Biloli', 22, 'active'),
(2523, 'Birwadi', 22, 'active'),
(2524, 'Boisar', 22, 'active'),
(2525, 'Bop Khel', 22, 'active'),
(2526, 'Brahmapuri', 22, 'active'),
(2527, 'Budhgaon', 22, 'active'),
(2528, 'Buldana', 22, 'active'),
(2529, 'Buldhana', 22, 'active'),
(2530, 'Butibori', 22, 'active'),
(2531, 'Chakan', 22, 'active'),
(2532, 'Chalisgaon', 22, 'active'),
(2533, 'Chandrapur', 22, 'active'),
(2534, 'Chandur', 22, 'active'),
(2535, 'Chandur Bazar', 22, 'active'),
(2536, 'Chandvad', 22, 'active'),
(2537, 'Chicholi', 22, 'active'),
(2538, 'Chikhala', 22, 'active'),
(2539, 'Chikhaldara', 22, 'active'),
(2540, 'Chikhli', 22, 'active'),
(2541, 'Chinchani', 22, 'active'),
(2542, 'Chinchwad', 22, 'active'),
(2543, 'Chiplun', 22, 'active'),
(2544, 'Chopda', 22, 'active'),
(2545, 'Dabhol', 22, 'active'),
(2546, 'Dahance', 22, 'active'),
(2547, 'Dahanu', 22, 'active'),
(2548, 'Daharu', 22, 'active'),
(2549, 'Dapoli Camp', 22, 'active'),
(2550, 'Darwa', 22, 'active'),
(2551, 'Daryapur', 22, 'active'),
(2552, 'Dattapur', 22, 'active'),
(2553, 'Daund', 22, 'active'),
(2554, 'Davlameti', 22, 'active'),
(2555, 'Deglur', 22, 'active'),
(2556, 'Dehu Road', 22, 'active'),
(2557, 'Deolali', 22, 'active'),
(2558, 'Deolali Pravara', 22, 'active'),
(2559, 'Deoli', 22, 'active'),
(2560, 'Desaiganj', 22, 'active'),
(2561, 'Deulgaon Raja', 22, 'active'),
(2562, 'Dewhadi', 22, 'active'),
(2563, 'Dharangaon', 22, 'active'),
(2564, 'Dharmabad', 22, 'active'),
(2565, 'Dharur', 22, 'active'),
(2566, 'Dhatau', 22, 'active'),
(2567, 'Dhule', 22, 'active'),
(2568, 'Digdoh', 22, 'active'),
(2569, 'Diglur', 22, 'active'),
(2570, 'Digras', 22, 'active'),
(2571, 'Dombivli', 22, 'active'),
(2572, 'Dondaicha', 22, 'active'),
(2573, 'Dudhani', 22, 'active'),
(2574, 'Durgapur', 22, 'active'),
(2575, 'Dyane', 22, 'active'),
(2576, 'Edandol', 22, 'active'),
(2577, 'Eklahare', 22, 'active'),
(2578, 'Faizpur', 22, 'active'),
(2579, 'Fekari', 22, 'active'),
(2580, 'Gadchiroli', 22, 'active'),
(2581, 'Gadhinghaj', 22, 'active'),
(2582, 'Gandhi Nagar', 22, 'active'),
(2583, 'Ganeshpur', 22, 'active'),
(2584, 'Gangakher', 22, 'active'),
(2585, 'Gangapur', 22, 'active'),
(2586, 'Gevrai', 22, 'active'),
(2587, 'Ghatanji', 22, 'active'),
(2588, 'Ghoti', 22, 'active'),
(2589, 'Ghugus', 22, 'active'),
(2590, 'Ghulewadi', 22, 'active'),
(2591, 'Godoli', 22, 'active'),
(2592, 'Gondia', 22, 'active'),
(2593, 'Guhagar', 22, 'active'),
(2594, 'Hadgaon', 22, 'active'),
(2595, 'Harnai Beach', 22, 'active'),
(2596, 'Hinganghat', 22, 'active'),
(2597, 'Hingoli', 22, 'active'),
(2598, 'Hupari', 22, 'active'),
(2599, 'Ichalkaranji', 22, 'active'),
(2600, 'Igatpuri', 22, 'active'),
(2601, 'Indapur', 22, 'active'),
(2602, 'Jaisinghpur', 22, 'active'),
(2603, 'Jalgaon', 22, 'active'),
(2604, 'Jalna', 22, 'active'),
(2605, 'Jamkhed', 22, 'active'),
(2606, 'Jawhar', 22, 'active'),
(2607, 'Jaysingpur', 22, 'active'),
(2608, 'Jejuri', 22, 'active'),
(2609, 'Jintur', 22, 'active'),
(2610, 'Junnar', 22, 'active'),
(2611, 'Kabnur', 22, 'active'),
(2612, 'Kagal', 22, 'active'),
(2613, 'Kalamb', 22, 'active'),
(2614, 'Kalamnuri', 22, 'active'),
(2615, 'Kalas', 22, 'active'),
(2616, 'Kalmeshwar', 22, 'active'),
(2617, 'Kalundre', 22, 'active'),
(2618, 'Kalyan', 22, 'active'),
(2619, 'Kamthi', 22, 'active'),
(2620, 'Kamthi Cantonment', 22, 'active'),
(2621, 'Kandari', 22, 'active'),
(2622, 'Kandhar', 22, 'active'),
(2623, 'Kandri', 22, 'active'),
(2624, 'Kandri II', 22, 'active'),
(2625, 'Kanhan', 22, 'active'),
(2626, 'Kankavli', 22, 'active'),
(2627, 'Kannad', 22, 'active'),
(2628, 'Karad', 22, 'active'),
(2629, 'Karanja', 22, 'active'),
(2630, 'Karanje Tarf', 22, 'active'),
(2631, 'Karivali', 22, 'active'),
(2632, 'Karjat', 22, 'active'),
(2633, 'Karmala', 22, 'active'),
(2634, 'Kasara Budruk', 22, 'active'),
(2635, 'Katai', 22, 'active'),
(2636, 'Katkar', 22, 'active'),
(2637, 'Katol', 22, 'active'),
(2638, 'Kegaon', 22, 'active'),
(2639, 'Khadkale', 22, 'active'),
(2640, 'Khadki', 22, 'active'),
(2641, 'Khamgaon', 22, 'active'),
(2642, 'Khapa', 22, 'active'),
(2643, 'Kharadi', 22, 'active'),
(2644, 'Kharakvasla', 22, 'active'),
(2645, 'Khed', 22, 'active'),
(2646, 'Kherdi', 22, 'active'),
(2647, 'Khoni', 22, 'active'),
(2648, 'Khopoli', 22, 'active'),
(2649, 'Khuldabad', 22, 'active'),
(2650, 'Kinwat', 22, 'active'),
(2651, 'Kodoli', 22, 'active'),
(2652, 'Kolhapur', 22, 'active'),
(2653, 'Kon', 22, 'active'),
(2654, 'Kondumal', 22, 'active'),
(2655, 'Kopargaon', 22, 'active'),
(2656, 'Kopharad', 22, 'active'),
(2657, 'Koradi', 22, 'active'),
(2658, 'Koregaon', 22, 'active'),
(2659, 'Korochi', 22, 'active'),
(2660, 'Kudal', 22, 'active'),
(2661, 'Kundaim', 22, 'active'),
(2662, 'Kundalwadi', 22, 'active'),
(2663, 'Kurandvad', 22, 'active'),
(2664, 'Kurduvadi', 22, 'active'),
(2665, 'Kusgaon Budruk', 22, 'active'),
(2666, 'Lanja', 22, 'active'),
(2667, 'Lasalgaon', 22, 'active'),
(2668, 'Latur', 22, 'active'),
(2669, 'Loha', 22, 'active'),
(2670, 'Lohegaon', 22, 'active'),
(2671, 'Lonar', 22, 'active'),
(2672, 'Lonavala', 22, 'active'),
(2673, 'Madhavnagar', 22, 'active'),
(2674, 'Mahabaleshwar', 22, 'active'),
(2675, 'Mahad', 22, 'active'),
(2676, 'Mahadula', 22, 'active'),
(2677, 'Maindargi', 22, 'active'),
(2678, 'Majalgaon', 22, 'active'),
(2679, 'Malegaon', 22, 'active'),
(2680, 'Malgaon', 22, 'active'),
(2681, 'Malkapur', 22, 'active'),
(2682, 'Malwan', 22, 'active'),
(2683, 'Manadur', 22, 'active'),
(2684, 'Manchar', 22, 'active'),
(2685, 'Mangalvedhe', 22, 'active'),
(2686, 'Mangrul Pir', 22, 'active'),
(2687, 'Manmad', 22, 'active'),
(2688, 'Manor', 22, 'active'),
(2689, 'Mansar', 22, 'active'),
(2690, 'Manwath', 22, 'active'),
(2691, 'Mapuca', 22, 'active'),
(2692, 'Matheran', 22, 'active'),
(2693, 'Mehkar', 22, 'active'),
(2694, 'Mhasla', 22, 'active'),
(2695, 'Mhaswad', 22, 'active'),
(2696, 'Mira Bhayandar', 22, 'active'),
(2697, 'Miraj', 22, 'active'),
(2698, 'Mohpa', 22, 'active'),
(2699, 'Mohpada', 22, 'active'),
(2700, 'Moram', 22, 'active'),
(2701, 'Morshi', 22, 'active'),
(2702, 'Mowad', 22, 'active'),
(2703, 'Mudkhed', 22, 'active'),
(2704, 'Mukhed', 22, 'active'),
(2705, 'Mul', 22, 'active'),
(2706, 'Mulshi', 22, 'active'),
(2707, 'Mumbai', 22, 'active'),
(2708, 'Murbad', 22, 'active'),
(2709, 'Murgud', 22, 'active'),
(2710, 'Murtijapur', 22, 'active'),
(2711, 'Murud', 22, 'active'),
(2712, 'Nachane', 22, 'active'),
(2713, 'Nagardeole', 22, 'active'),
(2714, 'Nagothane', 22, 'active'),
(2715, 'Nagpur', 22, 'active'),
(2716, 'Nakoda', 22, 'active'),
(2717, 'Nalasopara', 22, 'active'),
(2718, 'Naldurg', 22, 'active'),
(2719, 'Nanded', 22, 'active'),
(2720, 'Nandgaon', 22, 'active'),
(2721, 'Nandura', 22, 'active'),
(2722, 'Nandurbar', 22, 'active'),
(2723, 'Narkhed', 22, 'active'),
(2724, 'Nashik', 22, 'active'),
(2725, 'Navapur', 22, 'active'),
(2726, 'Navi Mumbai', 22, 'active'),
(2727, 'Navi Mumbai Panvel', 22, 'active'),
(2728, 'Neral', 22, 'active'),
(2729, 'Nigdi', 22, 'active'),
(2730, 'Nilanga', 22, 'active'),
(2731, 'Nildoh', 22, 'active'),
(2732, 'Nimbhore', 22, 'active'),
(2733, 'Ojhar', 22, 'active'),
(2734, 'Osmanabad', 22, 'active'),
(2735, 'Pachgaon', 22, 'active'),
(2736, 'Pachora', 22, 'active'),
(2737, 'Padagha', 22, 'active'),
(2738, 'Paithan', 22, 'active'),
(2739, 'Palghar', 22, 'active'),
(2740, 'Pali', 22, 'active'),
(2741, 'Panchgani', 22, 'active'),
(2742, 'Pandhakarwada', 22, 'active'),
(2743, 'Pandharpur', 22, 'active'),
(2744, 'Panhala', 22, 'active'),
(2745, 'Panvel', 22, 'active'),
(2746, 'Paranda', 22, 'active'),
(2747, 'Parbhani', 22, 'active'),
(2748, 'Parli', 22, 'active'),
(2749, 'Parola', 22, 'active'),
(2750, 'Partur', 22, 'active'),
(2751, 'Pasthal', 22, 'active'),
(2752, 'Patan', 22, 'active'),
(2753, 'Pathardi', 22, 'active'),
(2754, 'Pathri', 22, 'active'),
(2755, 'Patur', 22, 'active'),
(2756, 'Pawni', 22, 'active'),
(2757, 'Pen', 22, 'active'),
(2758, 'Pethumri', 22, 'active'),
(2759, 'Phaltan', 22, 'active'),
(2760, 'Pimpri', 22, 'active'),
(2761, 'Poladpur', 22, 'active'),
(2762, 'Pulgaon', 22, 'active'),
(2763, 'Pune', 22, 'active'),
(2764, 'Pune Cantonment', 22, 'active'),
(2765, 'Purna', 22, 'active'),
(2766, 'Purushottamnagar', 22, 'active'),
(2767, 'Pusad', 22, 'active'),
(2768, 'Rahimatpur', 22, 'active'),
(2769, 'Rahta Pimplas', 22, 'active'),
(2770, 'Rahuri', 22, 'active'),
(2771, 'Raigad', 22, 'active'),
(2772, 'Rajapur', 22, 'active'),
(2773, 'Rajgurunagar', 22, 'active'),
(2774, 'Rajur', 22, 'active'),
(2775, 'Rajura', 22, 'active'),
(2776, 'Ramtek', 22, 'active'),
(2777, 'Ratnagiri', 22, 'active'),
(2778, 'Ravalgaon', 22, 'active'),
(2779, 'Raver', 22, 'active'),
(2780, 'Revadanda', 22, 'active'),
(2781, 'Risod', 22, 'active'),
(2782, 'Roha Ashtami', 22, 'active'),
(2783, 'Sakri', 22, 'active'),
(2784, 'Sandor', 22, 'active'),
(2785, 'Sangamner', 22, 'active'),
(2786, 'Sangli', 22, 'active'),
(2787, 'Sangole', 22, 'active'),
(2788, 'Sasti', 22, 'active'),
(2789, 'Sasvad', 22, 'active'),
(2790, 'Satana', 22, 'active'),
(2791, 'Satara', 22, 'active'),
(2792, 'Savantvadi', 22, 'active'),
(2793, 'Savda', 22, 'active'),
(2794, 'Savner', 22, 'active'),
(2795, 'Sawari Jawharnagar', 22, 'active'),
(2796, 'Selu', 22, 'active'),
(2797, 'Shahada', 22, 'active'),
(2798, 'Shahapur', 22, 'active'),
(2799, 'Shegaon', 22, 'active'),
(2800, 'Shelar', 22, 'active'),
(2801, 'Shendurjana', 22, 'active'),
(2802, 'Shirdi', 22, 'active'),
(2803, 'Shirgaon', 22, 'active'),
(2804, 'Shirpur', 22, 'active'),
(2805, 'Shirur', 22, 'active'),
(2806, 'Shirwal', 22, 'active'),
(2807, 'Shivatkar', 22, 'active'),
(2808, 'Shrigonda', 22, 'active'),
(2809, 'Shrirampur', 22, 'active'),
(2810, 'Shrirampur Rural', 22, 'active'),
(2811, 'Sillewada', 22, 'active'),
(2812, 'Sillod', 22, 'active'),
(2813, 'Sindhudurg', 22, 'active'),
(2814, 'Sindi', 22, 'active'),
(2815, 'Sindi Turf Hindnagar', 22, 'active'),
(2816, 'Sindkhed Raja', 22, 'active'),
(2817, 'Singnapur', 22, 'active'),
(2818, 'Sinnar', 22, 'active'),
(2819, 'Sirur', 22, 'active'),
(2820, 'Sitasawangi', 22, 'active'),
(2821, 'Solapur', 22, 'active'),
(2822, 'Sonai', 22, 'active'),
(2823, 'Sonegaon', 22, 'active'),
(2824, 'Soyagaon', 22, 'active'),
(2825, 'Srivardhan', 22, 'active'),
(2826, 'Surgana', 22, 'active'),
(2827, 'Talegaon Dabhade', 22, 'active'),
(2828, 'Taloda', 22, 'active'),
(2829, 'Taloja', 22, 'active'),
(2830, 'Talwade', 22, 'active'),
(2831, 'Tarapur', 22, 'active'),
(2832, 'Tasgaon', 22, 'active'),
(2833, 'Tathavade', 22, 'active'),
(2834, 'Tekadi', 22, 'active'),
(2835, 'Telhara', 22, 'active'),
(2836, 'Thane', 22, 'active'),
(2837, 'Tirira', 22, 'active'),
(2838, 'Totaladoh', 22, 'active'),
(2839, 'Trimbak', 22, 'active'),
(2840, 'Tuljapur', 22, 'active'),
(2841, 'Tumsar', 22, 'active'),
(2842, 'Uchgaon', 22, 'active'),
(2843, 'Udgir', 22, 'active'),
(2844, 'Ulhasnagar', 22, 'active'),
(2845, 'Umarga', 22, 'active'),
(2846, 'Umarkhed', 22, 'active'),
(2847, 'Umarsara', 22, 'active'),
(2848, 'Umbar Pada Nandade', 22, 'active'),
(2849, 'Umred', 22, 'active'),
(2850, 'Umri Pragane Balapur', 22, 'active'),
(2851, 'Uran', 22, 'active'),
(2852, 'Uran Islampur', 22, 'active'),
(2853, 'Utekhol', 22, 'active'),
(2854, 'Vada', 22, 'active'),
(2855, 'Vadgaon', 22, 'active'),
(2856, 'Vadgaon Kasba', 22, 'active'),
(2857, 'Vaijapur', 22, 'active'),
(2858, 'Vanvadi', 22, 'active'),
(2859, 'Varangaon', 22, 'active'),
(2860, 'Vasai', 22, 'active'),
(2861, 'Vasantnagar', 22, 'active'),
(2862, 'Vashind', 22, 'active'),
(2863, 'Vengurla', 22, 'active'),
(2864, 'Virar', 22, 'active'),
(2865, 'Visapur', 22, 'active'),
(2866, 'Vite', 22, 'active'),
(2867, 'Vithalwadi', 22, 'active'),
(2868, 'Wadi', 22, 'active'),
(2869, 'Waghapur', 22, 'active'),
(2870, 'Wai', 22, 'active'),
(2871, 'Wajegaon', 22, 'active'),
(2872, 'Walani', 22, 'active'),
(2873, 'Wanadongri', 22, 'active'),
(2874, 'Wani', 22, 'active'),
(2875, 'Wardha', 22, 'active'),
(2876, 'Warora', 22, 'active'),
(2877, 'Warthi', 22, 'active'),
(2878, 'Warud', 22, 'active'),
(2879, 'Washim', 22, 'active'),
(2880, 'Yaval', 22, 'active'),
(2881, 'Yavatmal', 22, 'active'),
(2882, 'Yeola', 22, 'active'),
(2883, 'Yerkheda', 22, 'active'),
(2884, 'Andro', 23, 'active'),
(2885, 'Bijoy Govinda', 23, 'active'),
(2886, 'Bishnupur', 23, 'active'),
(2887, 'Churachandpur', 23, 'active'),
(2888, 'Heriok', 23, 'active'),
(2889, 'Imphal', 23, 'active'),
(2890, 'Jiribam', 23, 'active'),
(2891, 'Kakching', 23, 'active'),
(2892, 'Kakching Khunou', 23, 'active'),
(2893, 'Khongman', 23, 'active'),
(2894, 'Kumbi', 23, 'active'),
(2895, 'Kwakta', 23, 'active'),
(2896, 'Lamai', 23, 'active'),
(2897, 'Lamjaotongba', 23, 'active'),
(2898, 'Lamshang', 23, 'active'),
(2899, 'Lilong', 23, 'active'),
(2900, 'Mayang Imphal', 23, 'active'),
(2901, 'Moirang', 23, 'active'),
(2902, 'Moreh', 23, 'active'),
(2903, 'Nambol', 23, 'active'),
(2904, 'Naoriya Pakhanglakpa', 23, 'active'),
(2905, 'Ningthoukhong', 23, 'active'),
(2906, 'Oinam', 23, 'active'),
(2907, 'Porompat', 23, 'active'),
(2908, 'Samurou', 23, 'active'),
(2909, 'Sekmai Bazar', 23, 'active'),
(2910, 'Senapati', 23, 'active'),
(2911, 'Sikhong Sekmai', 23, 'active'),
(2912, 'Sugnu', 23, 'active'),
(2913, 'Thongkhong Laxmi Bazar', 23, 'active'),
(2914, 'Thoubal', 23, 'active'),
(2915, 'Torban', 23, 'active'),
(2916, 'Wangjing', 23, 'active'),
(2917, 'Wangoi', 23, 'active'),
(2918, 'Yairipok', 23, 'active'),
(2919, 'Baghmara', 24, 'active'),
(2920, 'Cherrapunji', 24, 'active'),
(2921, 'Jawai', 24, 'active'),
(2922, 'Madanrting', 24, 'active'),
(2923, 'Mairang', 24, 'active'),
(2924, 'Mawlai', 24, 'active'),
(2925, 'Nongmynsong', 24, 'active'),
(2926, 'Nongpoh', 24, 'active'),
(2927, 'Nongstoin', 24, 'active'),
(2928, 'Nongthymmai', 24, 'active'),
(2929, 'Pynthorumkhrah', 24, 'active'),
(2930, 'Resubelpara', 24, 'active'),
(2931, 'Shillong', 24, 'active'),
(2932, 'Shillong Cantonment', 24, 'active'),
(2933, 'Tura', 24, 'active'),
(2934, 'Williamnagar', 24, 'active'),
(2935, 'Aizawl', 25, 'active'),
(2936, 'Bairabi', 25, 'active'),
(2937, 'Biate', 25, 'active'),
(2938, 'Champhai', 25, 'active'),
(2939, 'Darlawn', 25, 'active'),
(2940, 'Hnahthial', 25, 'active'),
(2941, 'Kawnpui', 25, 'active'),
(2942, 'Khawhai', 25, 'active'),
(2943, 'Khawzawl', 25, 'active'),
(2944, 'Kolasib', 25, 'active'),
(2945, 'Lengpui', 25, 'active'),
(2946, 'Lunglei', 25, 'active'),
(2947, 'Mamit', 25, 'active'),
(2948, 'North Vanlaiphai', 25, 'active'),
(2949, 'Saiha', 25, 'active'),
(2950, 'Sairang', 25, 'active'),
(2951, 'Saitul', 25, 'active'),
(2952, 'Serchhip', 25, 'active'),
(2953, 'Thenzawl', 25, 'active'),
(2954, 'Tlabung', 25, 'active'),
(2955, 'Vairengte', 25, 'active'),
(2956, 'Zawlnuam', 25, 'active'),
(2957, 'Chumukedima', 26, 'active'),
(2958, 'Dimapur', 26, 'active'),
(2959, 'Kohima', 26, 'active'),
(2960, 'Mokokchung', 26, 'active'),
(2961, 'Mon', 26, 'active'),
(2962, 'Phek', 26, 'active'),
(2963, 'Tuensang', 26, 'active'),
(2964, 'Wokha', 26, 'active'),
(2965, 'Zunheboto', 26, 'active'),
(2966, 'Anandapur', 29, 'active'),
(2967, 'Angul', 29, 'active'),
(2968, 'Aska', 29, 'active'),
(2969, 'Athgarh', 29, 'active'),
(2970, 'Athmallik', 29, 'active'),
(2971, 'Balagoda', 29, 'active'),
(2972, 'Balangir', 29, 'active'),
(2973, 'Balasore', 29, 'active'),
(2974, 'Baleshwar', 29, 'active'),
(2975, 'Balimeta', 29, 'active'),
(2976, 'Balugaon', 29, 'active'),
(2977, 'Banapur', 29, 'active'),
(2978, 'Bangura', 29, 'active'),
(2979, 'Banki', 29, 'active'),
(2980, 'Banposh', 29, 'active'),
(2981, 'Barbil', 29, 'active'),
(2982, 'Bargarh', 29, 'active'),
(2983, 'Baripada', 29, 'active'),
(2984, 'Barpali', 29, 'active'),
(2985, 'Basudebpur', 29, 'active'),
(2986, 'Baudh', 29, 'active'),
(2987, 'Belagachhia', 29, 'active'),
(2988, 'Belaguntha', 29, 'active'),
(2989, 'Belpahar', 29, 'active'),
(2990, 'Berhampur', 29, 'active'),
(2991, 'Bhadrak', 29, 'active'),
(2992, 'Bhanjanagar', 29, 'active'),
(2993, 'Bhawanipatna', 29, 'active'),
(2994, 'Bhuban', 29, 'active'),
(2995, 'Bhubaneswar', 29, 'active'),
(2996, 'Binika', 29, 'active'),
(2997, 'Birmitrapur', 29, 'active'),
(2998, 'Bishama Katek', 29, 'active'),
(2999, 'Bolangir', 29, 'active'),
(3000, 'Brahmapur', 29, 'active'),
(3001, 'Brajrajnagar', 29, 'active'),
(3002, 'Buguda', 29, 'active'),
(3003, 'Burla', 29, 'active'),
(3004, 'Byasanagar', 29, 'active'),
(3005, 'Champua', 29, 'active'),
(3006, 'Chandapur', 29, 'active'),
(3007, 'Chandbali', 29, 'active'),
(3008, 'Chandili', 29, 'active'),
(3009, 'Charibatia', 29, 'active'),
(3010, 'Chatrapur', 29, 'active'),
(3011, 'Chikitigarh', 29, 'active'),
(3012, 'Chitrakonda', 29, 'active'),
(3013, 'Choudwar', 29, 'active'),
(3014, 'Cuttack', 29, 'active'),
(3015, 'Dadhapatna', 29, 'active'),
(3016, 'Daitari', 29, 'active'),
(3017, 'Damanjodi', 29, 'active'),
(3018, 'Deogarh', 29, 'active'),
(3019, 'Deracolliery', 29, 'active'),
(3020, 'Dhamanagar', 29, 'active'),
(3021, 'Dhenkanal', 29, 'active'),
(3022, 'Digapahandi', 29, 'active'),
(3023, 'Dungamal', 29, 'active'),
(3024, 'Fertilizer Corporation of Indi', 29, 'active'),
(3025, 'Ganjam', 29, 'active'),
(3026, 'Ghantapada', 29, 'active'),
(3027, 'Gopalpur', 29, 'active'),
(3028, 'Gudari', 29, 'active'),
(3029, 'Gunupur', 29, 'active'),
(3030, 'Hatibandha', 29, 'active'),
(3031, 'Hinjilikatu', 29, 'active'),
(3032, 'Hirakud', 29, 'active'),
(3033, 'Jagatsinghapur', 29, 'active'),
(3034, 'Jajpur', 29, 'active'),
(3035, 'Jalda', 29, 'active'),
(3036, 'Jaleswar', 29, 'active'),
(3037, 'Jatni', 29, 'active'),
(3038, 'Jaypur', 29, 'active'),
(3039, 'Jeypore', 29, 'active'),
(3040, 'Jharsuguda', 29, 'active'),
(3041, 'Jhumpura', 29, 'active'),
(3042, 'Joda', 29, 'active'),
(3043, 'Junagarh', 29, 'active'),
(3044, 'Kamakhyanagar', 29, 'active'),
(3045, 'Kantabanji', 29, 'active'),
(3046, 'Kantilo', 29, 'active'),
(3047, 'Karanja', 29, 'active'),
(3048, 'Kashinagara', 29, 'active'),
(3049, 'Kataka', 29, 'active'),
(3050, 'Kavisuryanagar', 29, 'active'),
(3051, 'Kendrapara', 29, 'active'),
(3052, 'Kendujhar', 29, 'active'),
(3053, 'Keonjhar', 29, 'active'),
(3054, 'Kesinga', 29, 'active'),
(3055, 'Khaliapali', 29, 'active'),
(3056, 'Khalikote', 29, 'active'),
(3057, 'Khandaparha', 29, 'active'),
(3058, 'Kharhial', 29, 'active'),
(3059, 'Kharhial Road', 29, 'active'),
(3060, 'Khatiguda', 29, 'active'),
(3061, 'Khurda', 29, 'active'),
(3062, 'Kochinda', 29, 'active'),
(3063, 'Kodala', 29, 'active'),
(3064, 'Konark', 29, 'active'),
(3065, 'Koraput', 29, 'active'),
(3066, 'Kotaparh', 29, 'active'),
(3067, 'Lanjigarh', 29, 'active'),
(3068, 'Lattikata', 29, 'active'),
(3069, 'Makundapur', 29, 'active'),
(3070, 'Malkangiri', 29, 'active'),
(3071, 'Mukhiguda', 29, 'active'),
(3072, 'Nabarangpur', 29, 'active'),
(3073, 'Nalco', 29, 'active'),
(3074, 'Naurangapur', 29, 'active'),
(3075, 'Nayagarh', 29, 'active'),
(3076, 'Nilagiri', 29, 'active'),
(3077, 'Nimaparha', 29, 'active'),
(3078, 'Nuapada', 29, 'active'),
(3079, 'Nuapatna', 29, 'active'),
(3080, 'OCL Industrialship', 29, 'active'),
(3081, 'Padampur', 29, 'active'),
(3082, 'Paradip', 29, 'active'),
(3083, 'Paradwip', 29, 'active'),
(3084, 'Parlakimidi', 29, 'active'),
(3085, 'Patamundai', 29, 'active'),
(3086, 'Patnagarh', 29, 'active'),
(3087, 'Phulabani', 29, 'active'),
(3088, 'Pipili', 29, 'active'),
(3089, 'Polasara', 29, 'active'),
(3090, 'Pratapsasan', 29, 'active'),
(3091, 'Puri', 29, 'active'),
(3092, 'Purushottampur', 29, 'active'),
(3093, 'Rairangpur', 29, 'active'),
(3094, 'Raj Gangpur', 29, 'active'),
(3095, 'Rambha', 29, 'active'),
(3096, 'Raurkela', 29, 'active'),
(3097, 'Raurkela Civil Township', 29, 'active'),
(3098, 'Rayagada', 29, 'active'),
(3099, 'Redhakhol', 29, 'active'),
(3100, 'Remuna', 29, 'active'),
(3101, 'Rengali', 29, 'active'),
(3102, 'Rourkela', 29, 'active'),
(3103, 'Sambalpur', 29, 'active'),
(3104, 'Sinapali', 29, 'active'),
(3105, 'Sonepur', 29, 'active'),
(3106, 'Sorada', 29, 'active'),
(3107, 'Soro', 29, 'active'),
(3108, 'Sunabeda', 29, 'active'),
(3109, 'Sundargarh', 29, 'active'),
(3110, 'Talcher', 29, 'active'),
(3111, 'Talcher Thermal Power Station ', 29, 'active'),
(3112, 'Tarabha', 29, 'active'),
(3113, 'Tensa', 29, 'active'),
(3114, 'Titlagarh', 29, 'active'),
(3115, 'Udala', 29, 'active'),
(3116, 'Udayagiri', 29, 'active'),
(3117, 'Umarkot', 29, 'active'),
(3118, 'Vikrampur', 29, 'active'),
(3119, 'Ariankuppam', 31, 'active'),
(3120, 'Karaikal', 31, 'active'),
(3121, 'Kurumbapet', 31, 'active'),
(3122, 'Mahe', 31, 'active'),
(3123, 'Ozhukarai', 31, 'active'),
(3124, 'Pondicherry', 31, 'active'),
(3125, 'Villianur', 31, 'active'),
(3126, 'Yanam', 31, 'active'),
(3127, 'Abohar', 32, 'active'),
(3128, 'Adampur', 32, 'active'),
(3129, 'Ahmedgarh', 32, 'active'),
(3130, 'Ajnala', 32, 'active'),
(3131, 'Akalgarh', 32, 'active'),
(3132, 'Alawalpur', 32, 'active'),
(3133, 'Amloh', 32, 'active'),
(3134, 'Amritsar', 32, 'active'),
(3135, 'Amritsar Cantonment', 32, 'active'),
(3136, 'Anandpur Sahib', 32, 'active'),
(3137, 'Badhni Kalan', 32, 'active'),
(3138, 'Bagh Purana', 32, 'active'),
(3139, 'Balachaur', 32, 'active'),
(3140, 'Banaur', 32, 'active'),
(3141, 'Banga', 32, 'active'),
(3142, 'Banur', 32, 'active'),
(3143, 'Baretta', 32, 'active'),
(3144, 'Bariwala', 32, 'active'),
(3145, 'Barnala', 32, 'active'),
(3146, 'Bassi Pathana', 32, 'active'),
(3147, 'Batala', 32, 'active'),
(3148, 'Bathinda', 32, 'active'),
(3149, 'Begowal', 32, 'active'),
(3150, 'Behrampur', 32, 'active'),
(3151, 'Bhabat', 32, 'active'),
(3152, 'Bhadur', 32, 'active'),
(3153, 'Bhankharpur', 32, 'active'),
(3154, 'Bharoli Kalan', 32, 'active'),
(3155, 'Bhawanigarh', 32, 'active'),
(3156, 'Bhikhi', 32, 'active');
INSERT INTO `tbl_city` (`id`, `name`, `sid`, `status`) VALUES
(3157, 'Bhikhiwind', 32, 'active'),
(3158, 'Bhisiana', 32, 'active'),
(3159, 'Bhogpur', 32, 'active'),
(3160, 'Bhuch', 32, 'active'),
(3161, 'Bhulath', 32, 'active'),
(3162, 'Budha Theh', 32, 'active'),
(3163, 'Budhlada', 32, 'active'),
(3164, 'Chima', 32, 'active'),
(3165, 'Chohal', 32, 'active'),
(3166, 'Dasuya', 32, 'active'),
(3167, 'Daulatpur', 32, 'active'),
(3168, 'Dera Baba Nanak', 32, 'active'),
(3169, 'Dera Bassi', 32, 'active'),
(3170, 'Dhanaula', 32, 'active'),
(3171, 'Dharam Kot', 32, 'active'),
(3172, 'Dhariwal', 32, 'active'),
(3173, 'Dhilwan', 32, 'active'),
(3174, 'Dhuri', 32, 'active'),
(3175, 'Dinanagar', 32, 'active'),
(3176, 'Dirba', 32, 'active'),
(3177, 'Doraha', 32, 'active'),
(3178, 'Faridkot', 32, 'active'),
(3179, 'Fateh Nangal', 32, 'active'),
(3180, 'Fatehgarh Churian', 32, 'active'),
(3181, 'Fatehgarh Sahib', 32, 'active'),
(3182, 'Fazilka', 32, 'active'),
(3183, 'Firozpur', 32, 'active'),
(3184, 'Firozpur Cantonment', 32, 'active'),
(3185, 'Gardhiwala', 32, 'active'),
(3186, 'Garhshankar', 32, 'active'),
(3187, 'Ghagga', 32, 'active'),
(3188, 'Ghanaur', 32, 'active'),
(3189, 'Giddarbaha', 32, 'active'),
(3190, 'Gobindgarh', 32, 'active'),
(3191, 'Goniana', 32, 'active'),
(3192, 'Goraya', 32, 'active'),
(3193, 'Gurdaspur', 32, 'active'),
(3194, 'Guru Har Sahai', 32, 'active'),
(3195, 'Hajipur', 32, 'active'),
(3196, 'Handiaya', 32, 'active'),
(3197, 'Hariana', 32, 'active'),
(3198, 'Hoshiarpur', 32, 'active'),
(3199, 'Hussainpur', 32, 'active'),
(3200, 'Jagraon', 32, 'active'),
(3201, 'Jaitu', 32, 'active'),
(3202, 'Jalalabad', 32, 'active'),
(3203, 'Jalandhar', 32, 'active'),
(3204, 'Jalandhar Cantonment', 32, 'active'),
(3205, 'Jandiala', 32, 'active'),
(3206, 'Jugial', 32, 'active'),
(3207, 'Kalanaur', 32, 'active'),
(3208, 'Kapurthala', 32, 'active'),
(3209, 'Karoran', 32, 'active'),
(3210, 'Kartarpur', 32, 'active'),
(3211, 'Khamanon', 32, 'active'),
(3212, 'Khanauri', 32, 'active'),
(3213, 'Khanna', 32, 'active'),
(3214, 'Kharar', 32, 'active'),
(3215, 'Khem Karan', 32, 'active'),
(3216, 'Kot Fatta', 32, 'active'),
(3217, 'Kot Isa Khan', 32, 'active'),
(3218, 'Kot Kapura', 32, 'active'),
(3219, 'Kotkapura', 32, 'active'),
(3220, 'Kurali', 32, 'active'),
(3221, 'Lalru', 32, 'active'),
(3222, 'Lehra Gaga', 32, 'active'),
(3223, 'Lodhian Khas', 32, 'active'),
(3224, 'Longowal', 32, 'active'),
(3225, 'Ludhiana', 32, 'active'),
(3226, 'Machhiwara', 32, 'active'),
(3227, 'Mahilpur', 32, 'active'),
(3228, 'Majitha', 32, 'active'),
(3229, 'Makhu', 32, 'active'),
(3230, 'Malaut', 32, 'active'),
(3231, 'Malerkotla', 32, 'active'),
(3232, 'Maloud', 32, 'active'),
(3233, 'Mandi Gobindgarh', 32, 'active'),
(3234, 'Mansa', 32, 'active'),
(3235, 'Maur', 32, 'active'),
(3236, 'Moga', 32, 'active'),
(3237, 'Mohali', 32, 'active'),
(3238, 'Moonak', 32, 'active'),
(3239, 'Morinda', 32, 'active'),
(3240, 'Mukerian', 32, 'active'),
(3241, 'Muktsar', 32, 'active'),
(3242, 'Mullanpur Dakha', 32, 'active'),
(3243, 'Mullanpur Garibdas', 32, 'active'),
(3244, 'Munak', 32, 'active'),
(3245, 'Muradpura', 32, 'active'),
(3246, 'Nabha', 32, 'active'),
(3247, 'Nakodar', 32, 'active'),
(3248, 'Nangal', 32, 'active'),
(3249, 'Nawashahr', 32, 'active'),
(3250, 'Naya Nangal', 32, 'active'),
(3251, 'Nehon', 32, 'active'),
(3252, 'Nurmahal', 32, 'active'),
(3253, 'Pathankot', 32, 'active'),
(3254, 'Patiala', 32, 'active'),
(3255, 'Patti', 32, 'active'),
(3256, 'Pattran', 32, 'active'),
(3257, 'Payal', 32, 'active'),
(3258, 'Phagwara', 32, 'active'),
(3259, 'Phillaur', 32, 'active'),
(3260, 'Qadian', 32, 'active'),
(3261, 'Rahon', 32, 'active'),
(3262, 'Raikot', 32, 'active'),
(3263, 'Raja Sansi', 32, 'active'),
(3264, 'Rajpura', 32, 'active'),
(3265, 'Ram Das', 32, 'active'),
(3266, 'Raman', 32, 'active'),
(3267, 'Rampura', 32, 'active'),
(3268, 'Rayya', 32, 'active'),
(3269, 'Rupnagar', 32, 'active'),
(3270, 'Rurki Kasba', 32, 'active'),
(3271, 'Sahnewal', 32, 'active'),
(3272, 'Samana', 32, 'active'),
(3273, 'Samrala', 32, 'active'),
(3274, 'Sanaur', 32, 'active'),
(3275, 'Sangat', 32, 'active'),
(3276, 'Sangrur', 32, 'active'),
(3277, 'Sansarpur', 32, 'active'),
(3278, 'Sardulgarh', 32, 'active'),
(3279, 'Shahkot', 32, 'active'),
(3280, 'Sham Churasi', 32, 'active'),
(3281, 'Shekhpura', 32, 'active'),
(3282, 'Sirhind', 32, 'active'),
(3283, 'Sri Hargobindpur', 32, 'active'),
(3284, 'Sujanpur', 32, 'active'),
(3285, 'Sultanpur Lodhi', 32, 'active'),
(3286, 'Sunam', 32, 'active'),
(3287, 'Talwandi Bhai', 32, 'active'),
(3288, 'Talwara', 32, 'active'),
(3289, 'Tappa', 32, 'active'),
(3290, 'Tarn Taran', 32, 'active'),
(3291, 'Urmar Tanda', 32, 'active'),
(3292, 'Zira', 32, 'active'),
(3293, 'Zirakpur', 32, 'active'),
(3294, 'Abu Road', 33, 'active'),
(3295, 'Ajmer', 33, 'active'),
(3296, 'Aklera', 33, 'active'),
(3297, 'Alwar', 33, 'active'),
(3298, 'Amet', 33, 'active'),
(3299, 'Antah', 33, 'active'),
(3300, 'Anupgarh', 33, 'active'),
(3301, 'Asind', 33, 'active'),
(3302, 'Bagar', 33, 'active'),
(3303, 'Bagru', 33, 'active'),
(3304, 'Bahror', 33, 'active'),
(3305, 'Bakani', 33, 'active'),
(3306, 'Bali', 33, 'active'),
(3307, 'Balotra', 33, 'active'),
(3308, 'Bandikui', 33, 'active'),
(3309, 'Banswara', 33, 'active'),
(3310, 'Baran', 33, 'active'),
(3311, 'Bari', 33, 'active'),
(3312, 'Bari Sadri', 33, 'active'),
(3313, 'Barmer', 33, 'active'),
(3314, 'Basi', 33, 'active'),
(3315, 'Basni Belima', 33, 'active'),
(3316, 'Baswa', 33, 'active'),
(3317, 'Bayana', 33, 'active'),
(3318, 'Beawar', 33, 'active'),
(3319, 'Begun', 33, 'active'),
(3320, 'Bhadasar', 33, 'active'),
(3321, 'Bhadra', 33, 'active'),
(3322, 'Bhalariya', 33, 'active'),
(3323, 'Bharatpur', 33, 'active'),
(3324, 'Bhasawar', 33, 'active'),
(3325, 'Bhawani Mandi', 33, 'active'),
(3326, 'Bhawri', 33, 'active'),
(3327, 'Bhilwara', 33, 'active'),
(3328, 'Bhindar', 33, 'active'),
(3329, 'Bhinmal', 33, 'active'),
(3330, 'Bhiwadi', 33, 'active'),
(3331, 'Bijoliya Kalan', 33, 'active'),
(3332, 'Bikaner', 33, 'active'),
(3333, 'Bilara', 33, 'active'),
(3334, 'Bissau', 33, 'active'),
(3335, 'Borkhera', 33, 'active'),
(3336, 'Budhpura', 33, 'active'),
(3337, 'Bundi', 33, 'active'),
(3338, 'Chatsu', 33, 'active'),
(3339, 'Chechat', 33, 'active'),
(3340, 'Chhabra', 33, 'active'),
(3341, 'Chhapar', 33, 'active'),
(3342, 'Chhipa Barod', 33, 'active'),
(3343, 'Chhoti Sadri', 33, 'active'),
(3344, 'Chirawa', 33, 'active'),
(3345, 'Chittaurgarh', 33, 'active'),
(3346, 'Chittorgarh', 33, 'active'),
(3347, 'Chomun', 33, 'active'),
(3348, 'Churu', 33, 'active'),
(3349, 'Daosa', 33, 'active'),
(3350, 'Dariba', 33, 'active'),
(3351, 'Dausa', 33, 'active'),
(3352, 'Deoli', 33, 'active'),
(3353, 'Deshnok', 33, 'active'),
(3354, 'Devgarh', 33, 'active'),
(3355, 'Devli', 33, 'active'),
(3356, 'Dhariawad', 33, 'active'),
(3357, 'Dhaulpur', 33, 'active'),
(3358, 'Dholpur', 33, 'active'),
(3359, 'Didwana', 33, 'active'),
(3360, 'Dig', 33, 'active'),
(3361, 'Dungargarh', 33, 'active'),
(3362, 'Dungarpur', 33, 'active'),
(3363, 'Falna', 33, 'active'),
(3364, 'Fatehnagar', 33, 'active'),
(3365, 'Fatehpur', 33, 'active'),
(3366, 'Gajsinghpur', 33, 'active'),
(3367, 'Galiakot', 33, 'active'),
(3368, 'Ganganagar', 33, 'active'),
(3369, 'Gangapur', 33, 'active'),
(3370, 'Goredi Chancha', 33, 'active'),
(3371, 'Gothra', 33, 'active'),
(3372, 'Govindgarh', 33, 'active'),
(3373, 'Gulabpura', 33, 'active'),
(3374, 'Hanumangarh', 33, 'active'),
(3375, 'Hindaun', 33, 'active'),
(3376, 'Indragarh', 33, 'active'),
(3377, 'Jahazpur', 33, 'active'),
(3378, 'Jaipur', 33, 'active'),
(3379, 'Jaisalmer', 33, 'active'),
(3380, 'Jaiselmer', 33, 'active'),
(3381, 'Jaitaran', 33, 'active'),
(3382, 'Jalore', 33, 'active'),
(3383, 'Jhalawar', 33, 'active'),
(3384, 'Jhalrapatan', 33, 'active'),
(3385, 'Jhunjhunun', 33, 'active'),
(3386, 'Jobner', 33, 'active'),
(3387, 'Jodhpur', 33, 'active'),
(3388, 'Kaithun', 33, 'active'),
(3389, 'Kaman', 33, 'active'),
(3390, 'Kankroli', 33, 'active'),
(3391, 'Kanor', 33, 'active'),
(3392, 'Kapasan', 33, 'active'),
(3393, 'Kaprain', 33, 'active'),
(3394, 'Karanpura', 33, 'active'),
(3395, 'Karauli', 33, 'active'),
(3396, 'Kekri', 33, 'active'),
(3397, 'Keshorai Patan', 33, 'active'),
(3398, 'Kesrisinghpur', 33, 'active'),
(3399, 'Khairthal', 33, 'active'),
(3400, 'Khandela', 33, 'active'),
(3401, 'Khanpur', 33, 'active'),
(3402, 'Kherli', 33, 'active'),
(3403, 'Kherliganj', 33, 'active'),
(3404, 'Kherwara Chhaoni', 33, 'active'),
(3405, 'Khetri', 33, 'active'),
(3406, 'Kiranipura', 33, 'active'),
(3407, 'Kishangarh', 33, 'active'),
(3408, 'Kishangarh Ranwal', 33, 'active'),
(3409, 'Kolvi Rajendrapura', 33, 'active'),
(3410, 'Kot Putli', 33, 'active'),
(3411, 'Kota', 33, 'active'),
(3412, 'Kuchaman', 33, 'active'),
(3413, 'Kuchera', 33, 'active'),
(3414, 'Kumbhalgarh', 33, 'active'),
(3415, 'Kumbhkot', 33, 'active'),
(3416, 'Kumher', 33, 'active'),
(3417, 'Kushalgarh', 33, 'active'),
(3418, 'Lachhmangarh', 33, 'active'),
(3419, 'Ladnun', 33, 'active'),
(3420, 'Lakheri', 33, 'active'),
(3421, 'Lalsot', 33, 'active'),
(3422, 'Losal', 33, 'active'),
(3423, 'Madanganj', 33, 'active'),
(3424, 'Mahu Kalan', 33, 'active'),
(3425, 'Mahwa', 33, 'active'),
(3426, 'Makrana', 33, 'active'),
(3427, 'Malpura', 33, 'active'),
(3428, 'Mandal', 33, 'active'),
(3429, 'Mandalgarh', 33, 'active'),
(3430, 'Mandawar', 33, 'active'),
(3431, 'Mandwa', 33, 'active'),
(3432, 'Mangrol', 33, 'active'),
(3433, 'Manohar Thana', 33, 'active'),
(3434, 'Manoharpur', 33, 'active'),
(3435, 'Marwar', 33, 'active'),
(3436, 'Merta', 33, 'active'),
(3437, 'Modak', 33, 'active'),
(3438, 'Mount Abu', 33, 'active'),
(3439, 'Mukandgarh', 33, 'active'),
(3440, 'Mundwa', 33, 'active'),
(3441, 'Nadbai', 33, 'active'),
(3442, 'Naenwa', 33, 'active'),
(3443, 'Nagar', 33, 'active'),
(3444, 'Nagaur', 33, 'active'),
(3445, 'Napasar', 33, 'active'),
(3446, 'Naraina', 33, 'active'),
(3447, 'Nasirabad', 33, 'active'),
(3448, 'Nathdwara', 33, 'active'),
(3449, 'Nawa', 33, 'active'),
(3450, 'Nawalgarh', 33, 'active'),
(3451, 'Neem Ka Thana', 33, 'active'),
(3452, 'Neemrana', 33, 'active'),
(3453, 'Newa Talai', 33, 'active'),
(3454, 'Nimaj', 33, 'active'),
(3455, 'Nimbahera', 33, 'active'),
(3456, 'Niwai', 33, 'active'),
(3457, 'Nohar', 33, 'active'),
(3458, 'Nokha', 33, 'active'),
(3459, 'One SGM', 33, 'active'),
(3460, 'Padampur', 33, 'active'),
(3461, 'Pali', 33, 'active'),
(3462, 'Partapur', 33, 'active'),
(3463, 'Parvatsar', 33, 'active'),
(3464, 'Pasoond', 33, 'active'),
(3465, 'Phalna', 33, 'active'),
(3466, 'Phalodi', 33, 'active'),
(3467, 'Phulera', 33, 'active'),
(3468, 'Pilani', 33, 'active'),
(3469, 'Pilibanga', 33, 'active'),
(3470, 'Pindwara', 33, 'active'),
(3471, 'Pipalia Kalan', 33, 'active'),
(3472, 'Pipar', 33, 'active'),
(3473, 'Pirawa', 33, 'active'),
(3474, 'Pokaran', 33, 'active'),
(3475, 'Pratapgarh', 33, 'active'),
(3476, 'Pushkar', 33, 'active'),
(3477, 'Raipur', 33, 'active'),
(3478, 'Raisinghnagar', 33, 'active'),
(3479, 'Rajakhera', 33, 'active'),
(3480, 'Rajaldesar', 33, 'active'),
(3481, 'Rajgarh', 33, 'active'),
(3482, 'Rajsamand', 33, 'active'),
(3483, 'Ramganj Mandi', 33, 'active'),
(3484, 'Ramgarh', 33, 'active'),
(3485, 'Rani', 33, 'active'),
(3486, 'Raniwara', 33, 'active'),
(3487, 'Ratan Nagar', 33, 'active'),
(3488, 'Ratangarh', 33, 'active'),
(3489, 'Rawatbhata', 33, 'active'),
(3490, 'Rawatsar', 33, 'active'),
(3491, 'Rikhabdev', 33, 'active'),
(3492, 'Ringas', 33, 'active'),
(3493, 'Sadri', 33, 'active'),
(3494, 'Sadulshahar', 33, 'active'),
(3495, 'Sagwara', 33, 'active'),
(3496, 'Salumbar', 33, 'active'),
(3497, 'Sambhar', 33, 'active'),
(3498, 'Samdari', 33, 'active'),
(3499, 'Sanchor', 33, 'active'),
(3500, 'Sangariya', 33, 'active'),
(3501, 'Sangod', 33, 'active'),
(3502, 'Sardarshahr', 33, 'active'),
(3503, 'Sarwar', 33, 'active'),
(3504, 'Satal Kheri', 33, 'active'),
(3505, 'Sawai Madhopur', 33, 'active'),
(3506, 'Sewan Kalan', 33, 'active'),
(3507, 'Shahpura', 33, 'active'),
(3508, 'Sheoganj', 33, 'active'),
(3509, 'Sikar', 33, 'active'),
(3510, 'Sirohi', 33, 'active'),
(3511, 'Siwana', 33, 'active'),
(3512, 'Sogariya', 33, 'active'),
(3513, 'Sojat', 33, 'active'),
(3514, 'Sojat Road', 33, 'active'),
(3515, 'Sri Madhopur', 33, 'active'),
(3516, 'Sriganganagar', 33, 'active'),
(3517, 'Sujangarh', 33, 'active'),
(3518, 'Suket', 33, 'active'),
(3519, 'Sumerpur', 33, 'active'),
(3520, 'Sunel', 33, 'active'),
(3521, 'Surajgarh', 33, 'active'),
(3522, 'Suratgarh', 33, 'active'),
(3523, 'Swaroopganj', 33, 'active'),
(3524, 'Takhatgarh', 33, 'active'),
(3525, 'Taranagar', 33, 'active'),
(3526, 'Three STR', 33, 'active'),
(3527, 'Tijara', 33, 'active'),
(3528, 'Toda Bhim', 33, 'active'),
(3529, 'Toda Raisingh', 33, 'active'),
(3530, 'Todra', 33, 'active'),
(3531, 'Tonk', 33, 'active'),
(3532, 'Udaipur', 33, 'active'),
(3533, 'Udpura', 33, 'active'),
(3534, 'Uniara', 33, 'active'),
(3535, 'Vanasthali', 33, 'active'),
(3536, 'Vidyavihar', 33, 'active'),
(3537, 'Vijainagar', 33, 'active'),
(3538, 'Viratnagar', 33, 'active'),
(3539, 'Wer', 33, 'active'),
(3540, 'Gangtok', 34, 'active'),
(3541, 'Gezing', 34, 'active'),
(3542, 'Jorethang', 34, 'active'),
(3543, 'Mangan', 34, 'active'),
(3544, 'Namchi', 34, 'active'),
(3545, 'Naya Bazar', 34, 'active'),
(3546, 'No City', 34, 'active'),
(3547, 'Rangpo', 34, 'active'),
(3548, 'Sikkim', 34, 'active'),
(3549, 'Singtam', 34, 'active'),
(3550, 'Upper Tadong', 34, 'active'),
(3551, 'Abiramam', 35, 'active'),
(3552, 'Achampudur', 35, 'active'),
(3553, 'Acharapakkam', 35, 'active'),
(3554, 'Acharipallam', 35, 'active'),
(3555, 'Achipatti', 35, 'active'),
(3556, 'Adikaratti', 35, 'active'),
(3557, 'Adiramapattinam', 35, 'active'),
(3558, 'Aduturai', 35, 'active'),
(3559, 'Adyar', 35, 'active'),
(3560, 'Agaram', 35, 'active'),
(3561, 'Agasthiswaram', 35, 'active'),
(3562, 'Akkaraipettai', 35, 'active'),
(3563, 'Alagappapuram', 35, 'active'),
(3564, 'Alagapuri', 35, 'active'),
(3565, 'Alampalayam', 35, 'active'),
(3566, 'Alandur', 35, 'active'),
(3567, 'Alanganallur', 35, 'active'),
(3568, 'Alangayam', 35, 'active'),
(3569, 'Alangudi', 35, 'active'),
(3570, 'Alangulam', 35, 'active'),
(3571, 'Alanthurai', 35, 'active'),
(3572, 'Alapakkam', 35, 'active'),
(3573, 'Allapuram', 35, 'active'),
(3574, 'Alur', 35, 'active'),
(3575, 'Alwar Tirunagari', 35, 'active'),
(3576, 'Alwarkurichi', 35, 'active'),
(3577, 'Ambasamudram', 35, 'active'),
(3578, 'Ambur', 35, 'active'),
(3579, 'Ammainaickanur', 35, 'active'),
(3580, 'Ammaparikuppam', 35, 'active'),
(3581, 'Ammapettai', 35, 'active'),
(3582, 'Ammavarikuppam', 35, 'active'),
(3583, 'Ammur', 35, 'active'),
(3584, 'Anaimalai', 35, 'active'),
(3585, 'Anaiyur', 35, 'active'),
(3586, 'Anakaputhur', 35, 'active'),
(3587, 'Ananthapuram', 35, 'active'),
(3588, 'Andanappettai', 35, 'active'),
(3589, 'Andipalayam', 35, 'active'),
(3590, 'Andippatti', 35, 'active'),
(3591, 'Anjugramam', 35, 'active'),
(3592, 'Annamalainagar', 35, 'active'),
(3593, 'Annavasal', 35, 'active'),
(3594, 'Annur', 35, 'active'),
(3595, 'Anthiyur', 35, 'active'),
(3596, 'Appakudal', 35, 'active'),
(3597, 'Arachalur', 35, 'active'),
(3598, 'Arakandanallur', 35, 'active'),
(3599, 'Arakonam', 35, 'active'),
(3600, 'Aralvaimozhi', 35, 'active'),
(3601, 'Arani', 35, 'active'),
(3602, 'Arani Road', 35, 'active'),
(3603, 'Arantangi', 35, 'active'),
(3604, 'Arasiramani', 35, 'active'),
(3605, 'Aravakurichi', 35, 'active'),
(3606, 'Aravankadu', 35, 'active'),
(3607, 'Arcot', 35, 'active'),
(3608, 'Arimalam', 35, 'active'),
(3609, 'Ariyalur', 35, 'active'),
(3610, 'Ariyappampalayam', 35, 'active'),
(3611, 'Ariyur', 35, 'active'),
(3612, 'Arni', 35, 'active'),
(3613, 'Arulmigu Thirumuruganpundi', 35, 'active'),
(3614, 'Arumanai', 35, 'active'),
(3615, 'Arumbavur', 35, 'active'),
(3616, 'Arumuganeri', 35, 'active'),
(3617, 'Aruppukkottai', 35, 'active'),
(3618, 'Ashokapuram', 35, 'active'),
(3619, 'Athani', 35, 'active'),
(3620, 'Athanur', 35, 'active'),
(3621, 'Athimarapatti', 35, 'active'),
(3622, 'Athipattu', 35, 'active'),
(3623, 'Athur', 35, 'active'),
(3624, 'Attayyampatti', 35, 'active'),
(3625, 'Attur', 35, 'active'),
(3626, 'Auroville', 35, 'active'),
(3627, 'Avadattur', 35, 'active'),
(3628, 'Avadi', 35, 'active'),
(3629, 'Avalpundurai', 35, 'active'),
(3630, 'Avaniapuram', 35, 'active'),
(3631, 'Avinashi', 35, 'active'),
(3632, 'Ayakudi', 35, 'active'),
(3633, 'Ayanadaippu', 35, 'active'),
(3634, 'Aygudi', 35, 'active'),
(3635, 'Ayothiapattinam', 35, 'active'),
(3636, 'Ayyalur', 35, 'active'),
(3637, 'Ayyampalayam', 35, 'active'),
(3638, 'Ayyampettai', 35, 'active'),
(3639, 'Azhagiapandiapuram', 35, 'active'),
(3640, 'Balakrishnampatti', 35, 'active'),
(3641, 'Balakrishnapuram', 35, 'active'),
(3642, 'Balapallam', 35, 'active'),
(3643, 'Balasamudram', 35, 'active'),
(3644, 'Bargur', 35, 'active'),
(3645, 'Belur', 35, 'active'),
(3646, 'Berhatty', 35, 'active'),
(3647, 'Bhavani', 35, 'active'),
(3648, 'Bhawanisagar', 35, 'active'),
(3649, 'Bhuvanagiri', 35, 'active'),
(3650, 'Bikketti', 35, 'active'),
(3651, 'Bodinayakkanur', 35, 'active'),
(3652, 'Brahmana Periya Agraharam', 35, 'active'),
(3653, 'Buthapandi', 35, 'active'),
(3654, 'Buthipuram', 35, 'active'),
(3655, 'Chatrapatti', 35, 'active'),
(3656, 'Chembarambakkam', 35, 'active'),
(3657, 'Chengalpattu', 35, 'active'),
(3658, 'Chengam', 35, 'active'),
(3659, 'Chennai', 35, 'active'),
(3660, 'Chennasamudram', 35, 'active'),
(3661, 'Chennimalai', 35, 'active'),
(3662, 'Cheranmadevi', 35, 'active'),
(3663, 'Cheruvanki', 35, 'active'),
(3664, 'Chetpet', 35, 'active'),
(3665, 'Chettiarpatti', 35, 'active'),
(3666, 'Chettipalaiyam', 35, 'active'),
(3667, 'Chettipalayam Cantonment', 35, 'active'),
(3668, 'Chettithangal', 35, 'active'),
(3669, 'Cheyur', 35, 'active'),
(3670, 'Cheyyar', 35, 'active'),
(3671, 'Chidambaram', 35, 'active'),
(3672, 'Chinalapatti', 35, 'active'),
(3673, 'Chinna Anuppanadi', 35, 'active'),
(3674, 'Chinna Salem', 35, 'active'),
(3675, 'Chinnakkampalayam', 35, 'active'),
(3676, 'Chinnammanur', 35, 'active'),
(3677, 'Chinnampalaiyam', 35, 'active'),
(3678, 'Chinnasekkadu', 35, 'active'),
(3679, 'Chinnavedampatti', 35, 'active'),
(3680, 'Chitlapakkam', 35, 'active'),
(3681, 'Chittodu', 35, 'active'),
(3682, 'Cholapuram', 35, 'active'),
(3683, 'Coimbatore', 35, 'active'),
(3684, 'Coonoor', 35, 'active'),
(3685, 'Courtalam', 35, 'active'),
(3686, 'Cuddalore', 35, 'active'),
(3687, 'Dalavaipatti', 35, 'active'),
(3688, 'Darasuram', 35, 'active'),
(3689, 'Denkanikottai', 35, 'active'),
(3690, 'Desur', 35, 'active'),
(3691, 'Devadanapatti', 35, 'active'),
(3692, 'Devakkottai', 35, 'active'),
(3693, 'Devakottai', 35, 'active'),
(3694, 'Devanangurichi', 35, 'active'),
(3695, 'Devarshola', 35, 'active'),
(3696, 'Devasthanam', 35, 'active'),
(3697, 'Dhalavoipuram', 35, 'active'),
(3698, 'Dhali', 35, 'active'),
(3699, 'Dhaliyur', 35, 'active'),
(3700, 'Dharapadavedu', 35, 'active'),
(3701, 'Dharapuram', 35, 'active'),
(3702, 'Dharmapuri', 35, 'active'),
(3703, 'Dindigul', 35, 'active'),
(3704, 'Dusi', 35, 'active'),
(3705, 'Edaganasalai', 35, 'active'),
(3706, 'Edaikodu', 35, 'active'),
(3707, 'Edakalinadu', 35, 'active'),
(3708, 'Elathur', 35, 'active'),
(3709, 'Elayirampannai', 35, 'active'),
(3710, 'Elumalai', 35, 'active'),
(3711, 'Eral', 35, 'active'),
(3712, 'Eraniel', 35, 'active'),
(3713, 'Eriodu', 35, 'active'),
(3714, 'Erode', 35, 'active'),
(3715, 'Erumaipatti', 35, 'active'),
(3716, 'Eruvadi', 35, 'active'),
(3717, 'Ethapur', 35, 'active'),
(3718, 'Ettaiyapuram', 35, 'active'),
(3719, 'Ettimadai', 35, 'active'),
(3720, 'Ezhudesam', 35, 'active'),
(3721, 'Ganapathipuram', 35, 'active'),
(3722, 'Gandhi Nagar', 35, 'active'),
(3723, 'Gangaikondan', 35, 'active'),
(3724, 'Gangavalli', 35, 'active'),
(3725, 'Ganguvarpatti', 35, 'active'),
(3726, 'Gingi', 35, 'active'),
(3727, 'Gopalasamudram', 35, 'active'),
(3728, 'Gopichettipalaiyam', 35, 'active'),
(3729, 'Gudalur', 35, 'active'),
(3730, 'Gudiyattam', 35, 'active'),
(3731, 'Guduvanchery', 35, 'active'),
(3732, 'Gummidipoondi', 35, 'active'),
(3733, 'Hanumanthampatti', 35, 'active'),
(3734, 'Harur', 35, 'active'),
(3735, 'Harveypatti', 35, 'active'),
(3736, 'Highways', 35, 'active'),
(3737, 'Hosur', 35, 'active'),
(3738, 'Hubbathala', 35, 'active'),
(3739, 'Huligal', 35, 'active'),
(3740, 'Idappadi', 35, 'active'),
(3741, 'Idikarai', 35, 'active'),
(3742, 'Ilampillai', 35, 'active'),
(3743, 'Ilanji', 35, 'active'),
(3744, 'Iluppaiyurani', 35, 'active'),
(3745, 'Iluppur', 35, 'active'),
(3746, 'Inam Karur', 35, 'active'),
(3747, 'Injambakkam', 35, 'active'),
(3748, 'Irugur', 35, 'active'),
(3749, 'Jaffrabad', 35, 'active'),
(3750, 'Jagathala', 35, 'active'),
(3751, 'Jalakandapuram', 35, 'active'),
(3752, 'Jalladiampet', 35, 'active'),
(3753, 'Jambai', 35, 'active'),
(3754, 'Jayankondam', 35, 'active'),
(3755, 'Jolarpet', 35, 'active'),
(3756, 'Kadambur', 35, 'active'),
(3757, 'Kadathur', 35, 'active'),
(3758, 'Kadayal', 35, 'active'),
(3759, 'Kadayampatti', 35, 'active'),
(3760, 'Kadayanallur', 35, 'active'),
(3761, 'Kadiapatti', 35, 'active'),
(3762, 'Kalakkad', 35, 'active'),
(3763, 'Kalambur', 35, 'active'),
(3764, 'Kalapatti', 35, 'active'),
(3765, 'Kalappanaickenpatti', 35, 'active'),
(3766, 'Kalavai', 35, 'active'),
(3767, 'Kalinjur', 35, 'active'),
(3768, 'Kaliyakkavilai', 35, 'active'),
(3769, 'Kallakkurichi', 35, 'active'),
(3770, 'Kallakudi', 35, 'active'),
(3771, 'Kallidaikurichchi', 35, 'active'),
(3772, 'Kallukuttam', 35, 'active'),
(3773, 'Kallupatti', 35, 'active'),
(3774, 'Kalpakkam', 35, 'active'),
(3775, 'Kalugumalai', 35, 'active'),
(3776, 'Kamayagoundanpatti', 35, 'active'),
(3777, 'Kambainallur', 35, 'active'),
(3778, 'Kambam', 35, 'active'),
(3779, 'Kamuthi', 35, 'active'),
(3780, 'Kanadukathan', 35, 'active'),
(3781, 'Kanakkampalayam', 35, 'active'),
(3782, 'Kanam', 35, 'active'),
(3783, 'Kanchipuram', 35, 'active'),
(3784, 'Kandanur', 35, 'active'),
(3785, 'Kangayam', 35, 'active'),
(3786, 'Kangayampalayam', 35, 'active'),
(3787, 'Kangeyanallur', 35, 'active'),
(3788, 'Kaniyur', 35, 'active'),
(3789, 'Kanjikoil', 35, 'active'),
(3790, 'Kannadendal', 35, 'active'),
(3791, 'Kannamangalam', 35, 'active'),
(3792, 'Kannampalayam', 35, 'active'),
(3793, 'Kannankurichi', 35, 'active'),
(3794, 'Kannapalaiyam', 35, 'active'),
(3795, 'Kannivadi', 35, 'active'),
(3796, 'Kanyakumari', 35, 'active'),
(3797, 'Kappiyarai', 35, 'active'),
(3798, 'Karaikkudi', 35, 'active'),
(3799, 'Karamadai', 35, 'active'),
(3800, 'Karambakkam', 35, 'active'),
(3801, 'Karambakkudi', 35, 'active'),
(3802, 'Kariamangalam', 35, 'active'),
(3803, 'Kariapatti', 35, 'active'),
(3804, 'Karugampattur', 35, 'active'),
(3805, 'Karumandi Chellipalayam', 35, 'active'),
(3806, 'Karumathampatti', 35, 'active'),
(3807, 'Karumbakkam', 35, 'active'),
(3808, 'Karungal', 35, 'active'),
(3809, 'Karunguzhi', 35, 'active'),
(3810, 'Karuppur', 35, 'active'),
(3811, 'Karur', 35, 'active'),
(3812, 'Kasipalaiyam', 35, 'active'),
(3813, 'Kasipalayam G', 35, 'active'),
(3814, 'Kathirvedu', 35, 'active'),
(3815, 'Kathujuganapalli', 35, 'active'),
(3816, 'Katpadi', 35, 'active'),
(3817, 'Kattivakkam', 35, 'active'),
(3818, 'Kattumannarkoil', 35, 'active'),
(3819, 'Kattupakkam', 35, 'active'),
(3820, 'Kattuputhur', 35, 'active'),
(3821, 'Kaveripakkam', 35, 'active'),
(3822, 'Kaveripattinam', 35, 'active'),
(3823, 'Kavundampalaiyam', 35, 'active'),
(3824, 'Kavundampalayam', 35, 'active'),
(3825, 'Kayalpattinam', 35, 'active'),
(3826, 'Kayattar', 35, 'active'),
(3827, 'Kelamangalam', 35, 'active'),
(3828, 'Kelambakkam', 35, 'active'),
(3829, 'Kembainaickenpalayam', 35, 'active'),
(3830, 'Kethi', 35, 'active'),
(3831, 'Kilakarai', 35, 'active'),
(3832, 'Kilampadi', 35, 'active'),
(3833, 'Kilkulam', 35, 'active'),
(3834, 'Kilkunda', 35, 'active'),
(3835, 'Killiyur', 35, 'active'),
(3836, 'Killlai', 35, 'active'),
(3837, 'Kilpennathur', 35, 'active'),
(3838, 'Kilvelur', 35, 'active'),
(3839, 'Kinathukadavu', 35, 'active'),
(3840, 'Kiramangalam', 35, 'active'),
(3841, 'Kiranur', 35, 'active'),
(3842, 'Kiripatti', 35, 'active'),
(3843, 'Kizhapavur', 35, 'active'),
(3844, 'Kmarasamipatti', 35, 'active'),
(3845, 'Kochadai', 35, 'active'),
(3846, 'Kodaikanal', 35, 'active'),
(3847, 'Kodambakkam', 35, 'active'),
(3848, 'Kodavasal', 35, 'active'),
(3849, 'Kodumudi', 35, 'active'),
(3850, 'Kolachal', 35, 'active'),
(3851, 'Kolappalur', 35, 'active'),
(3852, 'Kolathupalayam', 35, 'active'),
(3853, 'Kolathur', 35, 'active'),
(3854, 'Kollankodu', 35, 'active'),
(3855, 'Kollankoil', 35, 'active'),
(3856, 'Komaralingam', 35, 'active'),
(3857, 'Komarapalayam', 35, 'active'),
(3858, 'Kombai', 35, 'active'),
(3859, 'Konakkarai', 35, 'active'),
(3860, 'Konavattam', 35, 'active'),
(3861, 'Kondalampatti', 35, 'active'),
(3862, 'Konganapuram', 35, 'active'),
(3863, 'Koradacheri', 35, 'active'),
(3864, 'Korampallam', 35, 'active'),
(3865, 'Kotagiri', 35, 'active'),
(3866, 'Kothinallur', 35, 'active'),
(3867, 'Kottaiyur', 35, 'active'),
(3868, 'Kottakuppam', 35, 'active'),
(3869, 'Kottaram', 35, 'active'),
(3870, 'Kottivakkam', 35, 'active'),
(3871, 'Kottur', 35, 'active'),
(3872, 'Kovilpatti', 35, 'active'),
(3873, 'Koyampattur', 35, 'active'),
(3874, 'Krishnagiri', 35, 'active'),
(3875, 'Krishnarayapuram', 35, 'active'),
(3876, 'Krishnasamudram', 35, 'active'),
(3877, 'Kuchanur', 35, 'active'),
(3878, 'Kuhalur', 35, 'active'),
(3879, 'Kulasekarappattinam', 35, 'active'),
(3880, 'Kulasekarapuram', 35, 'active'),
(3881, 'Kulithalai', 35, 'active'),
(3882, 'Kumarapalaiyam', 35, 'active'),
(3883, 'Kumarapalayam', 35, 'active'),
(3884, 'Kumarapuram', 35, 'active'),
(3885, 'Kumbakonam', 35, 'active'),
(3886, 'Kundrathur', 35, 'active'),
(3887, 'Kuniyamuthur', 35, 'active'),
(3888, 'Kunnathur', 35, 'active'),
(3889, 'Kunur', 35, 'active'),
(3890, 'Kuraikundu', 35, 'active'),
(3891, 'Kurichi', 35, 'active'),
(3892, 'Kurinjippadi', 35, 'active'),
(3893, 'Kurudampalaiyam', 35, 'active'),
(3894, 'Kurumbalur', 35, 'active'),
(3895, 'Kuthalam', 35, 'active'),
(3896, 'Kuthappar', 35, 'active'),
(3897, 'Kuttalam', 35, 'active'),
(3898, 'Kuttanallur', 35, 'active'),
(3899, 'Kuzhithurai', 35, 'active'),
(3900, 'Labbaikudikadu', 35, 'active'),
(3901, 'Lakkampatti', 35, 'active'),
(3902, 'Lalgudi', 35, 'active'),
(3903, 'Lalpet', 35, 'active'),
(3904, 'Llayangudi', 35, 'active'),
(3905, 'Madambakkam', 35, 'active'),
(3906, 'Madanur', 35, 'active'),
(3907, 'Madathukulam', 35, 'active'),
(3908, 'Madhavaram', 35, 'active'),
(3909, 'Madippakkam', 35, 'active'),
(3910, 'Madukkarai', 35, 'active'),
(3911, 'Madukkur', 35, 'active'),
(3912, 'Madurai', 35, 'active'),
(3913, 'Maduranthakam', 35, 'active'),
(3914, 'Maduravoyal', 35, 'active'),
(3915, 'Mahabalipuram', 35, 'active'),
(3916, 'Makkinanpatti', 35, 'active'),
(3917, 'Mallamuppampatti', 35, 'active'),
(3918, 'Mallankinaru', 35, 'active'),
(3919, 'Mallapuram', 35, 'active'),
(3920, 'Mallasamudram', 35, 'active'),
(3921, 'Mallur', 35, 'active'),
(3922, 'Mamallapuram', 35, 'active'),
(3923, 'Mamsapuram', 35, 'active'),
(3924, 'Manachanallur', 35, 'active'),
(3925, 'Manali', 35, 'active'),
(3926, 'Manalmedu', 35, 'active'),
(3927, 'Manalurpet', 35, 'active'),
(3928, 'Manamadurai', 35, 'active'),
(3929, 'Manapakkam', 35, 'active'),
(3930, 'Manapparai', 35, 'active'),
(3931, 'Manavalakurichi', 35, 'active'),
(3932, 'Mandaikadu', 35, 'active'),
(3933, 'Mandapam', 35, 'active'),
(3934, 'Mangadu', 35, 'active'),
(3935, 'Mangalam', 35, 'active'),
(3936, 'Mangalampet', 35, 'active'),
(3937, 'Manimutharu', 35, 'active'),
(3938, 'Mannargudi', 35, 'active'),
(3939, 'Mappilaiurani', 35, 'active'),
(3940, 'Maraimalai Nagar', 35, 'active'),
(3941, 'Marakkanam', 35, 'active'),
(3942, 'Maramangalathupatti', 35, 'active'),
(3943, 'Marandahalli', 35, 'active'),
(3944, 'Markayankottai', 35, 'active'),
(3945, 'Marudur', 35, 'active'),
(3946, 'Marungur', 35, 'active'),
(3947, 'Masinigudi', 35, 'active'),
(3948, 'Mathigiri', 35, 'active'),
(3949, 'Mattur', 35, 'active'),
(3950, 'Mayiladuthurai', 35, 'active'),
(3951, 'Mecheri', 35, 'active'),
(3952, 'Melacheval', 35, 'active'),
(3953, 'Melachokkanathapuram', 35, 'active'),
(3954, 'Melagaram', 35, 'active'),
(3955, 'Melamadai', 35, 'active'),
(3956, 'Melamaiyur', 35, 'active'),
(3957, 'Melanattam', 35, 'active'),
(3958, 'Melathiruppanthuruthi', 35, 'active'),
(3959, 'Melattur', 35, 'active'),
(3960, 'Melmananbedu', 35, 'active'),
(3961, 'Melpattampakkam', 35, 'active'),
(3962, 'Melur', 35, 'active'),
(3963, 'Melvisharam', 35, 'active'),
(3964, 'Mettupalayam', 35, 'active'),
(3965, 'Mettur', 35, 'active'),
(3966, 'Meyyanur', 35, 'active'),
(3967, 'Milavittan', 35, 'active'),
(3968, 'Minakshipuram', 35, 'active'),
(3969, 'Minambakkam', 35, 'active'),
(3970, 'Minjur', 35, 'active'),
(3971, 'Modakurichi', 35, 'active'),
(3972, 'Mohanur', 35, 'active'),
(3973, 'Mopperipalayam', 35, 'active'),
(3974, 'Mudalur', 35, 'active'),
(3975, 'Mudichur', 35, 'active'),
(3976, 'Mudukulathur', 35, 'active'),
(3977, 'Mukasipidariyur', 35, 'active'),
(3978, 'Mukkudal', 35, 'active'),
(3979, 'Mulagumudu', 35, 'active'),
(3980, 'Mulakaraipatti', 35, 'active'),
(3981, 'Mulanur', 35, 'active'),
(3982, 'Mullakkadu', 35, 'active'),
(3983, 'Muruganpalayam', 35, 'active'),
(3984, 'Musiri', 35, 'active'),
(3985, 'Muthupet', 35, 'active'),
(3986, 'Muthur', 35, 'active'),
(3987, 'Muttayyapuram', 35, 'active'),
(3988, 'Muttupet', 35, 'active'),
(3989, 'Muvarasampettai', 35, 'active'),
(3990, 'Myladi', 35, 'active'),
(3991, 'Mylapore', 35, 'active'),
(3992, 'Nadukkuthagai', 35, 'active'),
(3993, 'Naduvattam', 35, 'active'),
(3994, 'Nagapattinam', 35, 'active'),
(3995, 'Nagavakulam', 35, 'active'),
(3996, 'Nagercoil', 35, 'active'),
(3997, 'Nagojanahalli', 35, 'active'),
(3998, 'Nallampatti', 35, 'active'),
(3999, 'Nallur', 35, 'active'),
(4000, 'Namagiripettai', 35, 'active'),
(4001, 'Namakkal', 35, 'active'),
(4002, 'Nambiyur', 35, 'active'),
(4003, 'Nambutalai', 35, 'active'),
(4004, 'Nandambakkam', 35, 'active'),
(4005, 'Nandivaram', 35, 'active'),
(4006, 'Nangavalli', 35, 'active'),
(4007, 'Nangavaram', 35, 'active'),
(4008, 'Nanguneri', 35, 'active'),
(4009, 'Nanjikottai', 35, 'active'),
(4010, 'Nannilam', 35, 'active'),
(4011, 'Naranammalpuram', 35, 'active'),
(4012, 'Naranapuram', 35, 'active'),
(4013, 'Narasimhanaickenpalayam', 35, 'active'),
(4014, 'Narasingapuram', 35, 'active'),
(4015, 'Narasojipatti', 35, 'active'),
(4016, 'Naravarikuppam', 35, 'active'),
(4017, 'Nasiyanur', 35, 'active'),
(4018, 'Natham', 35, 'active'),
(4019, 'Nathampannai', 35, 'active'),
(4020, 'Natrampalli', 35, 'active'),
(4021, 'Nattam', 35, 'active'),
(4022, 'Nattapettai', 35, 'active'),
(4023, 'Nattarasankottai', 35, 'active'),
(4024, 'Navalpattu', 35, 'active'),
(4025, 'Nazarethpettai', 35, 'active'),
(4026, 'Nazerath', 35, 'active'),
(4027, 'Neikkarapatti', 35, 'active'),
(4028, 'Neiyyur', 35, 'active'),
(4029, 'Nellikkuppam', 35, 'active'),
(4030, 'Nelliyalam', 35, 'active'),
(4031, 'Nemili', 35, 'active'),
(4032, 'Nemilicheri', 35, 'active'),
(4033, 'Neripperichal', 35, 'active'),
(4034, 'Nerkunram', 35, 'active'),
(4035, 'Nerkuppai', 35, 'active'),
(4036, 'Nerunjipettai', 35, 'active'),
(4037, 'Neykkarappatti', 35, 'active'),
(4038, 'Neyveli', 35, 'active'),
(4039, 'Nidamangalam', 35, 'active'),
(4040, 'Nilagiri', 35, 'active'),
(4041, 'Nilakkottai', 35, 'active'),
(4042, 'Nilankarai', 35, 'active'),
(4043, 'Odaipatti', 35, 'active'),
(4044, 'Odaiyakulam', 35, 'active'),
(4045, 'Oddanchatram', 35, 'active'),
(4046, 'Odugathur', 35, 'active'),
(4047, 'Oggiyamduraipakkam', 35, 'active'),
(4048, 'Olagadam', 35, 'active'),
(4049, 'Omalur', 35, 'active'),
(4050, 'Ooty', 35, 'active'),
(4051, 'Orathanadu', 35, 'active'),
(4052, 'Othakadai', 35, 'active'),
(4053, 'Othakalmandapam', 35, 'active'),
(4054, 'Ottapparai', 35, 'active'),
(4055, 'Pacode', 35, 'active'),
(4056, 'Padaividu', 35, 'active'),
(4057, 'Padianallur', 35, 'active'),
(4058, 'Padirikuppam', 35, 'active'),
(4059, 'Padmanabhapuram', 35, 'active'),
(4060, 'Padririvedu', 35, 'active'),
(4061, 'Palaganangudy', 35, 'active'),
(4062, 'Palaimpatti', 35, 'active'),
(4063, 'Palakkodu', 35, 'active'),
(4064, 'Palamedu', 35, 'active'),
(4065, 'Palani', 35, 'active'),
(4066, 'Palani Chettipatti', 35, 'active'),
(4067, 'Palavakkam', 35, 'active'),
(4068, 'Palavansathu', 35, 'active'),
(4069, 'Palayakayal', 35, 'active'),
(4070, 'Palayam', 35, 'active'),
(4071, 'Palayamkottai', 35, 'active'),
(4072, 'Palladam', 35, 'active'),
(4073, 'Pallapalayam', 35, 'active'),
(4074, 'Pallapatti', 35, 'active'),
(4075, 'Pallattur', 35, 'active'),
(4076, 'Pallavaram', 35, 'active'),
(4077, 'Pallikaranai', 35, 'active'),
(4078, 'Pallikonda', 35, 'active'),
(4079, 'Pallipalaiyam', 35, 'active'),
(4080, 'Pallipalaiyam Agraharam', 35, 'active'),
(4081, 'Pallipattu', 35, 'active'),
(4082, 'Pammal', 35, 'active'),
(4083, 'Panagudi', 35, 'active'),
(4084, 'Panaimarathupatti', 35, 'active'),
(4085, 'Panapakkam', 35, 'active'),
(4086, 'Panboli', 35, 'active'),
(4087, 'Pandamangalam', 35, 'active'),
(4088, 'Pannaikadu', 35, 'active'),
(4089, 'Pannaipuram', 35, 'active'),
(4090, 'Pannuratti', 35, 'active'),
(4091, 'Panruti', 35, 'active'),
(4092, 'Papanasam', 35, 'active'),
(4093, 'Pappankurichi', 35, 'active'),
(4094, 'Papparapatti', 35, 'active'),
(4095, 'Pappireddipatti', 35, 'active'),
(4096, 'Paramakkudi', 35, 'active'),
(4097, 'Paramankurichi', 35, 'active'),
(4098, 'Paramathi', 35, 'active'),
(4099, 'Parangippettai', 35, 'active'),
(4100, 'Paravai', 35, 'active'),
(4101, 'Pasur', 35, 'active'),
(4102, 'Pathamadai', 35, 'active'),
(4103, 'Pattinam', 35, 'active'),
(4104, 'Pattiviranpatti', 35, 'active'),
(4105, 'Pattukkottai', 35, 'active'),
(4106, 'Pazhugal', 35, 'active'),
(4107, 'Pennadam', 35, 'active'),
(4108, 'Pennagaram', 35, 'active'),
(4109, 'Pennathur', 35, 'active'),
(4110, 'Peraiyur', 35, 'active'),
(4111, 'Peralam', 35, 'active'),
(4112, 'Perambalur', 35, 'active'),
(4113, 'Peranamallur', 35, 'active'),
(4114, 'Peravurani', 35, 'active'),
(4115, 'Periyakodiveri', 35, 'active'),
(4116, 'Periyakulam', 35, 'active'),
(4117, 'Periyanayakkanpalaiyam', 35, 'active'),
(4118, 'Periyanegamam', 35, 'active'),
(4119, 'Periyapatti', 35, 'active'),
(4120, 'Periyasemur', 35, 'active'),
(4121, 'Pernambut', 35, 'active'),
(4122, 'Perumagalur', 35, 'active'),
(4123, 'Perumandi', 35, 'active'),
(4124, 'Perumuchi', 35, 'active'),
(4125, 'Perundurai', 35, 'active'),
(4126, 'Perungalathur', 35, 'active'),
(4127, 'Perungudi', 35, 'active'),
(4128, 'Perungulam', 35, 'active'),
(4129, 'Perur', 35, 'active'),
(4130, 'Perur Chettipalaiyam', 35, 'active'),
(4131, 'Pethampalayam', 35, 'active'),
(4132, 'Pethanaickenpalayam', 35, 'active'),
(4133, 'Pillanallur', 35, 'active'),
(4134, 'Pirkankaranai', 35, 'active'),
(4135, 'Polichalur', 35, 'active'),
(4136, 'Pollachi', 35, 'active'),
(4137, 'Polur', 35, 'active'),
(4138, 'Ponmani', 35, 'active'),
(4139, 'Ponnamaravathi', 35, 'active'),
(4140, 'Ponnampatti', 35, 'active'),
(4141, 'Ponneri', 35, 'active'),
(4142, 'Porur', 35, 'active'),
(4143, 'Pothanur', 35, 'active'),
(4144, 'Pothatturpettai', 35, 'active'),
(4145, 'Pudukadai', 35, 'active'),
(4146, 'Pudukkottai Cantonment', 35, 'active'),
(4147, 'Pudukottai', 35, 'active'),
(4148, 'Pudupalaiyam Aghraharam', 35, 'active'),
(4149, 'Pudupalayam', 35, 'active'),
(4150, 'Pudupatti', 35, 'active'),
(4151, 'Pudupattinam', 35, 'active'),
(4152, 'Pudur', 35, 'active'),
(4153, 'Puduvayal', 35, 'active'),
(4154, 'Pulambadi', 35, 'active'),
(4155, 'Pulampatti', 35, 'active'),
(4156, 'Puliyampatti', 35, 'active'),
(4157, 'Puliyankudi', 35, 'active'),
(4158, 'Puliyur', 35, 'active'),
(4159, 'Pullampadi', 35, 'active'),
(4160, 'Puluvapatti', 35, 'active'),
(4161, 'Punamalli', 35, 'active'),
(4162, 'Punjai Puliyampatti', 35, 'active'),
(4163, 'Punjai Thottakurichi', 35, 'active'),
(4164, 'Punjaipugalur', 35, 'active'),
(4165, 'Puthalam', 35, 'active'),
(4166, 'Putteri', 35, 'active'),
(4167, 'Puvalur', 35, 'active'),
(4168, 'Puzhal', 35, 'active'),
(4169, 'Puzhithivakkam', 35, 'active'),
(4170, 'Rajapalayam', 35, 'active'),
(4171, 'Ramanathapuram', 35, 'active'),
(4172, 'Ramapuram', 35, 'active'),
(4173, 'Rameswaram', 35, 'active'),
(4174, 'Ranipet', 35, 'active'),
(4175, 'Rasipuram', 35, 'active'),
(4176, 'Rayagiri', 35, 'active'),
(4177, 'Rithapuram', 35, 'active'),
(4178, 'Rosalpatti', 35, 'active'),
(4179, 'Rudravathi', 35, 'active'),
(4180, 'Sadayankuppam', 35, 'active'),
(4181, 'Saint Thomas Mount', 35, 'active'),
(4182, 'Salangapalayam', 35, 'active'),
(4183, 'Salem', 35, 'active'),
(4184, 'Samalapuram', 35, 'active'),
(4185, 'Samathur', 35, 'active'),
(4186, 'Sambavar Vadagarai', 35, 'active'),
(4187, 'Sankaramanallur', 35, 'active'),
(4188, 'Sankarankoil', 35, 'active'),
(4189, 'Sankarapuram', 35, 'active'),
(4190, 'Sankari', 35, 'active'),
(4191, 'Sankarnagar', 35, 'active'),
(4192, 'Saravanampatti', 35, 'active'),
(4193, 'Sarcarsamakulam', 35, 'active'),
(4194, 'Sathiyavijayanagaram', 35, 'active'),
(4195, 'Sathuvachari', 35, 'active'),
(4196, 'Sathyamangalam', 35, 'active'),
(4197, 'Sattankulam', 35, 'active'),
(4198, 'Sattur', 35, 'active'),
(4199, 'Sayalgudi', 35, 'active'),
(4200, 'Sayapuram', 35, 'active'),
(4201, 'Seithur', 35, 'active'),
(4202, 'Sembakkam', 35, 'active'),
(4203, 'Semmipalayam', 35, 'active'),
(4204, 'Sennirkuppam', 35, 'active'),
(4205, 'Senthamangalam', 35, 'active'),
(4206, 'Sentharapatti', 35, 'active'),
(4207, 'Senur', 35, 'active'),
(4208, 'Sethiathoppu', 35, 'active'),
(4209, 'Sevilimedu', 35, 'active'),
(4210, 'Sevugampatti', 35, 'active'),
(4211, 'Shenbakkam', 35, 'active'),
(4212, 'Shencottai', 35, 'active'),
(4213, 'Shenkottai', 35, 'active'),
(4214, 'Sholavandan', 35, 'active'),
(4215, 'Sholinganallur', 35, 'active'),
(4216, 'Sholingur', 35, 'active'),
(4217, 'Sholur', 35, 'active'),
(4218, 'Sikkarayapuram', 35, 'active'),
(4219, 'Singampuneri', 35, 'active'),
(4220, 'Singanallur', 35, 'active'),
(4221, 'Singaperumalkoil', 35, 'active'),
(4222, 'Sirapalli', 35, 'active'),
(4223, 'Sirkali', 35, 'active'),
(4224, 'Sirugamani', 35, 'active'),
(4225, 'Sirumugai', 35, 'active'),
(4226, 'Sithayankottai', 35, 'active'),
(4227, 'Sithurajapuram', 35, 'active'),
(4228, 'Sivaganga', 35, 'active'),
(4229, 'Sivagiri', 35, 'active'),
(4230, 'Sivakasi', 35, 'active'),
(4231, 'Sivanthipuram', 35, 'active'),
(4232, 'Sivur', 35, 'active'),
(4233, 'Soranjeri', 35, 'active'),
(4234, 'South Kannanur', 35, 'active'),
(4235, 'South Kodikulam', 35, 'active'),
(4236, 'Srimushnam', 35, 'active'),
(4237, 'Sriperumpudur', 35, 'active'),
(4238, 'Sriramapuram', 35, 'active'),
(4239, 'Srirangam', 35, 'active'),
(4240, 'Srivaikuntam', 35, 'active'),
(4241, 'Srivilliputtur', 35, 'active'),
(4242, 'Suchindram', 35, 'active'),
(4243, 'Suliswaranpatti', 35, 'active'),
(4244, 'Sulur', 35, 'active'),
(4245, 'Sundarapandiam', 35, 'active'),
(4246, 'Sundarapandiapuram', 35, 'active'),
(4247, 'Surampatti', 35, 'active'),
(4248, 'Surandai', 35, 'active'),
(4249, 'Suriyampalayam', 35, 'active'),
(4250, 'Swamimalai', 35, 'active'),
(4251, 'TNPL Pugalur', 35, 'active'),
(4252, 'Tambaram', 35, 'active'),
(4253, 'Taramangalam', 35, 'active'),
(4254, 'Tattayyangarpettai', 35, 'active'),
(4255, 'Tayilupatti', 35, 'active'),
(4256, 'Tenkasi', 35, 'active'),
(4257, 'Thadikombu', 35, 'active'),
(4258, 'Thakkolam', 35, 'active'),
(4259, 'Thalainayar', 35, 'active'),
(4260, 'Thalakudi', 35, 'active'),
(4261, 'Thamaraikulam', 35, 'active'),
(4262, 'Thammampatti', 35, 'active'),
(4263, 'Thanjavur', 35, 'active'),
(4264, 'Thanthoni', 35, 'active'),
(4265, 'Tharangambadi', 35, 'active'),
(4266, 'Thedavur', 35, 'active'),
(4267, 'Thenambakkam', 35, 'active'),
(4268, 'Thengampudur', 35, 'active'),
(4269, 'Theni', 35, 'active'),
(4270, 'Theni Allinagaram', 35, 'active'),
(4271, 'Thenkarai', 35, 'active'),
(4272, 'Thenthamaraikulam', 35, 'active'),
(4273, 'Thenthiruperai', 35, 'active'),
(4274, 'Thesur', 35, 'active'),
(4275, 'Thevaram', 35, 'active'),
(4276, 'Thevur', 35, 'active'),
(4277, 'Thiagadurgam', 35, 'active'),
(4278, 'Thiagarajar Colony', 35, 'active'),
(4279, 'Thingalnagar', 35, 'active'),
(4280, 'Thiruchirapalli', 35, 'active'),
(4281, 'Thirukarungudi', 35, 'active'),
(4282, 'Thirukazhukundram', 35, 'active'),
(4283, 'Thirumalayampalayam', 35, 'active'),
(4284, 'Thirumazhisai', 35, 'active'),
(4285, 'Thirunagar', 35, 'active'),
(4286, 'Thirunageswaram', 35, 'active'),
(4287, 'Thirunindravur', 35, 'active'),
(4288, 'Thirunirmalai', 35, 'active'),
(4289, 'Thiruparankundram', 35, 'active'),
(4290, 'Thiruparappu', 35, 'active'),
(4291, 'Thiruporur', 35, 'active'),
(4292, 'Thiruppanandal', 35, 'active'),
(4293, 'Thirupuvanam', 35, 'active'),
(4294, 'Thiruthangal', 35, 'active'),
(4295, 'Thiruthuraipundi', 35, 'active'),
(4296, 'Thiruvaivaru', 35, 'active'),
(4297, 'Thiruvalam', 35, 'active'),
(4298, 'Thiruvarur', 35, 'active'),
(4299, 'Thiruvattaru', 35, 'active'),
(4300, 'Thiruvenkatam', 35, 'active'),
(4301, 'Thiruvennainallur', 35, 'active'),
(4302, 'Thiruvithankodu', 35, 'active'),
(4303, 'Thisayanvilai', 35, 'active'),
(4304, 'Thittacheri', 35, 'active'),
(4305, 'Thondamuthur', 35, 'active'),
(4306, 'Thorapadi', 35, 'active'),
(4307, 'Thottipalayam', 35, 'active'),
(4308, 'Thottiyam', 35, 'active'),
(4309, 'Thudiyalur', 35, 'active'),
(4310, 'Thuthipattu', 35, 'active'),
(4311, 'Thuvakudi', 35, 'active'),
(4312, 'Timiri', 35, 'active'),
(4313, 'Tindivanam', 35, 'active'),
(4314, 'Tinnanur', 35, 'active'),
(4315, 'Tiruchchendur', 35, 'active'),
(4316, 'Tiruchengode', 35, 'active'),
(4317, 'Tirukkalukkundram', 35, 'active'),
(4318, 'Tirukkattuppalli', 35, 'active'),
(4319, 'Tirukkoyilur', 35, 'active'),
(4320, 'Tirumangalam', 35, 'active'),
(4321, 'Tirumullaivasal', 35, 'active'),
(4322, 'Tirumuruganpundi', 35, 'active'),
(4323, 'Tirunageswaram', 35, 'active'),
(4324, 'Tirunelveli', 35, 'active'),
(4325, 'Tirupathur', 35, 'active'),
(4326, 'Tirupattur', 35, 'active'),
(4327, 'Tiruppuvanam', 35, 'active'),
(4328, 'Tirupur', 35, 'active'),
(4329, 'Tirusulam', 35, 'active'),
(4330, 'Tiruttani', 35, 'active'),
(4331, 'Tiruvallur', 35, 'active'),
(4332, 'Tiruvannamalai', 35, 'active'),
(4333, 'Tiruverambur', 35, 'active'),
(4334, 'Tiruverkadu', 35, 'active'),
(4335, 'Tiruvethipuram', 35, 'active'),
(4336, 'Tiruvidaimarudur', 35, 'active'),
(4337, 'Tiruvottiyur', 35, 'active'),
(4338, 'Tittakudi', 35, 'active'),
(4339, 'Tondi', 35, 'active'),
(4340, 'Turaiyur', 35, 'active'),
(4341, 'Tuticorin', 35, 'active'),
(4342, 'Udagamandalam', 35, 'active'),
(4343, 'Udagamandalam Valley', 35, 'active'),
(4344, 'Udankudi', 35, 'active'),
(4345, 'Udayarpalayam', 35, 'active'),
(4346, 'Udumalaipettai', 35, 'active'),
(4347, 'Udumalpet', 35, 'active'),
(4348, 'Ullur', 35, 'active'),
(4349, 'Ulundurpettai', 35, 'active'),
(4350, 'Unjalaur', 35, 'active'),
(4351, 'Unnamalaikadai', 35, 'active'),
(4352, 'Uppidamangalam', 35, 'active'),
(4353, 'Uppiliapuram', 35, 'active'),
(4354, 'Urachikkottai', 35, 'active'),
(4355, 'Urapakkam', 35, 'active'),
(4356, 'Usilampatti', 35, 'active'),
(4357, 'Uthangarai', 35, 'active'),
(4358, 'Uthayendram', 35, 'active'),
(4359, 'Uthiramerur', 35, 'active'),
(4360, 'Uthukkottai', 35, 'active'),
(4361, 'Uttamapalaiyam', 35, 'active'),
(4362, 'Uttukkuli', 35, 'active'),
(4363, 'Vadakarai Kizhpadugai', 35, 'active'),
(4364, 'Vadakkanandal', 35, 'active'),
(4365, 'Vadakku Valliyur', 35, 'active'),
(4366, 'Vadalur', 35, 'active'),
(4367, 'Vadamadurai', 35, 'active'),
(4368, 'Vadavalli', 35, 'active'),
(4369, 'Vadipatti', 35, 'active'),
(4370, 'Vadugapatti', 35, 'active'),
(4371, 'Vaithiswarankoil', 35, 'active'),
(4372, 'Valangaiman', 35, 'active'),
(4373, 'Valasaravakkam', 35, 'active'),
(4374, 'Valavanur', 35, 'active'),
(4375, 'Vallam', 35, 'active'),
(4376, 'Valparai', 35, 'active'),
(4377, 'Valvaithankoshtam', 35, 'active'),
(4378, 'Vanavasi', 35, 'active'),
(4379, 'Vandalur', 35, 'active'),
(4380, 'Vandavasi', 35, 'active'),
(4381, 'Vandiyur', 35, 'active'),
(4382, 'Vaniputhur', 35, 'active'),
(4383, 'Vaniyambadi', 35, 'active'),
(4384, 'Varadarajanpettai', 35, 'active'),
(4385, 'Varadharajapuram', 35, 'active'),
(4386, 'Vasudevanallur', 35, 'active'),
(4387, 'Vathirairuppu', 35, 'active'),
(4388, 'Vattalkundu', 35, 'active'),
(4389, 'Vazhapadi', 35, 'active'),
(4390, 'Vedapatti', 35, 'active'),
(4391, 'Vedaranniyam', 35, 'active'),
(4392, 'Vedasandur', 35, 'active'),
(4393, 'Velampalaiyam', 35, 'active'),
(4394, 'Velankanni', 35, 'active'),
(4395, 'Vellakinar', 35, 'active'),
(4396, 'Vellakoil', 35, 'active'),
(4397, 'Vellalapatti', 35, 'active'),
(4398, 'Vellalur', 35, 'active'),
(4399, 'Vellanur', 35, 'active'),
(4400, 'Vellimalai', 35, 'active'),
(4401, 'Vellore', 35, 'active'),
(4402, 'Vellottamparappu', 35, 'active'),
(4403, 'Velluru', 35, 'active'),
(4404, 'Vengampudur', 35, 'active'),
(4405, 'Vengathur', 35, 'active'),
(4406, 'Vengavasal', 35, 'active'),
(4407, 'Venghatur', 35, 'active'),
(4408, 'Venkarai', 35, 'active'),
(4409, 'Vennanthur', 35, 'active'),
(4410, 'Veppathur', 35, 'active'),
(4411, 'Verkilambi', 35, 'active'),
(4412, 'Vettaikaranpudur', 35, 'active'),
(4413, 'Vettavalam', 35, 'active'),
(4414, 'Vijayapuri', 35, 'active'),
(4415, 'Vikramasingapuram', 35, 'active'),
(4416, 'Vikravandi', 35, 'active'),
(4417, 'Vilangudi', 35, 'active'),
(4418, 'Vilankurichi', 35, 'active'),
(4419, 'Vilapakkam', 35, 'active'),
(4420, 'Vilathikulam', 35, 'active'),
(4421, 'Vilavur', 35, 'active'),
(4422, 'Villukuri', 35, 'active'),
(4423, 'Villupuram', 35, 'active'),
(4424, 'Viraganur', 35, 'active'),
(4425, 'Virakeralam', 35, 'active'),
(4426, 'Virakkalpudur', 35, 'active'),
(4427, 'Virapandi', 35, 'active'),
(4428, 'Virapandi Cantonment', 35, 'active'),
(4429, 'Virappanchatram', 35, 'active'),
(4430, 'Viravanallur', 35, 'active'),
(4431, 'Virudambattu', 35, 'active'),
(4432, 'Virudhachalam', 35, 'active'),
(4433, 'Virudhunagar', 35, 'active'),
(4434, 'Virupakshipuram', 35, 'active'),
(4435, 'Viswanatham', 35, 'active'),
(4436, 'Vriddhachalam', 35, 'active'),
(4437, 'Walajabad', 35, 'active'),
(4438, 'Walajapet', 35, 'active'),
(4439, 'Wellington', 35, 'active'),
(4440, 'Yercaud', 35, 'active'),
(4441, 'Zamin Uthukuli', 35, 'active'),
(4442, 'Achampet', 36, 'active'),
(4443, 'Adilabad', 36, 'active'),
(4444, 'Armoor', 36, 'active'),
(4445, 'Asifabad', 36, 'active'),
(4446, 'Badepally', 36, 'active'),
(4447, 'Banswada', 36, 'active'),
(4448, 'Bellampalli', 36, 'active'),
(4449, 'Bhadrachalam', 36, 'active'),
(4450, 'Bhainsa', 36, 'active'),
(4451, 'Bhongir', 36, 'active'),
(4452, 'Bhupalpally', 36, 'active'),
(4453, 'Bodhan', 36, 'active'),
(4454, 'Bollaram', 36, 'active'),
(4455, 'Devarkonda', 36, 'active'),
(4456, 'Farooqnagar', 36, 'active'),
(4457, 'Gadwal', 36, 'active'),
(4458, 'Gajwel', 36, 'active'),
(4459, 'Ghatkesar', 36, 'active'),
(4460, 'Hyderabad', 36, 'active'),
(4461, 'Jagtial', 36, 'active'),
(4462, 'Jangaon', 36, 'active'),
(4463, 'Kagaznagar', 36, 'active'),
(4464, 'Kalwakurthy', 36, 'active'),
(4465, 'Kamareddy', 36, 'active'),
(4466, 'Karimnagar', 36, 'active'),
(4467, 'Khammam', 36, 'active'),
(4468, 'Kodada', 36, 'active'),
(4469, 'Koratla', 36, 'active'),
(4470, 'Kottagudem', 36, 'active'),
(4471, 'Kyathampalle', 36, 'active'),
(4472, 'Madhira', 36, 'active'),
(4473, 'Mahabubabad', 36, 'active'),
(4474, 'Mahbubnagar', 36, 'active'),
(4475, 'Mancherial', 36, 'active'),
(4476, 'Mandamarri', 36, 'active'),
(4477, 'Manuguru', 36, 'active'),
(4478, 'Medak', 36, 'active'),
(4479, 'Medchal', 36, 'active'),
(4480, 'Miryalaguda', 36, 'active'),
(4481, 'Nagar Karnul', 36, 'active'),
(4482, 'Nakrekal', 36, 'active'),
(4483, 'Nalgonda', 36, 'active'),
(4484, 'Narayanpet', 36, 'active'),
(4485, 'Narsampet', 36, 'active'),
(4486, 'Nirmal', 36, 'active'),
(4487, 'Nizamabad', 36, 'active'),
(4488, 'Palwancha', 36, 'active'),
(4489, 'Peddapalli', 36, 'active'),
(4490, 'Ramagundam', 36, 'active'),
(4491, 'Ranga Reddy district', 36, 'active'),
(4492, 'Sadasivpet', 36, 'active'),
(4493, 'Sangareddy', 36, 'active'),
(4494, 'Sarapaka', 36, 'active'),
(4495, 'Sathupalle', 36, 'active'),
(4496, 'Secunderabad', 36, 'active'),
(4497, 'Siddipet', 36, 'active'),
(4498, 'Singapur', 36, 'active'),
(4499, 'Sircilla', 36, 'active'),
(4500, 'Suryapet', 36, 'active'),
(4501, 'Tandur', 36, 'active'),
(4502, 'Vemulawada', 36, 'active'),
(4503, 'Vikarabad', 36, 'active'),
(4504, 'Wanaparthy', 36, 'active'),
(4505, 'Warangal', 36, 'active'),
(4506, 'Yellandu', 36, 'active'),
(4507, 'Zahirabad', 36, 'active'),
(4508, 'Agartala', 37, 'active'),
(4509, 'Amarpur', 37, 'active'),
(4510, 'Ambassa', 37, 'active'),
(4511, 'Badharghat', 37, 'active'),
(4512, 'Belonia', 37, 'active'),
(4513, 'Dharmanagar', 37, 'active'),
(4514, 'Gakulnagar', 37, 'active'),
(4515, 'Gandhigram', 37, 'active'),
(4516, 'Indranagar', 37, 'active'),
(4517, 'Jogendranagar', 37, 'active'),
(4518, 'Kailasahar', 37, 'active'),
(4519, 'Kamalpur', 37, 'active'),
(4520, 'Kanchanpur', 37, 'active'),
(4521, 'Khowai', 37, 'active'),
(4522, 'Kumarghat', 37, 'active'),
(4523, 'Kunjaban', 37, 'active'),
(4524, 'Narsingarh', 37, 'active'),
(4525, 'Pratapgarh', 37, 'active'),
(4526, 'Ranir Bazar', 37, 'active'),
(4527, 'Sabrum', 37, 'active'),
(4528, 'Sonamura', 37, 'active'),
(4529, 'Teliamura', 37, 'active'),
(4530, 'Udaipur', 37, 'active'),
(4531, 'Achhalda', 38, 'active'),
(4532, 'Achhnera', 38, 'active'),
(4533, 'Adari', 38, 'active'),
(4534, 'Afzalgarh', 38, 'active'),
(4535, 'Agarwal Mandi', 38, 'active'),
(4536, 'Agra', 38, 'active'),
(4537, 'Agra Cantonment', 38, 'active'),
(4538, 'Ahraura', 38, 'active'),
(4539, 'Ailum', 38, 'active'),
(4540, 'Air Force Area', 38, 'active'),
(4541, 'Ajhuwa', 38, 'active'),
(4542, 'Akbarpur', 38, 'active'),
(4543, 'Alapur', 38, 'active'),
(4544, 'Aliganj', 38, 'active'),
(4545, 'Aligarh', 38, 'active'),
(4546, 'Allahabad', 38, 'active'),
(4547, 'Allahabad Cantonment', 38, 'active'),
(4548, 'Allahganj', 38, 'active'),
(4549, 'Amanpur', 38, 'active'),
(4550, 'Ambahta', 38, 'active'),
(4551, 'Amethi', 38, 'active'),
(4552, 'Amila', 38, 'active'),
(4553, 'Amilo', 38, 'active'),
(4554, 'Aminagar Sarai', 38, 'active'),
(4555, 'Aminagar Urf Bhurbaral', 38, 'active'),
(4556, 'Amraudha', 38, 'active'),
(4557, 'Amroha', 38, 'active'),
(4558, 'Anandnagar', 38, 'active'),
(4559, 'Anpara', 38, 'active'),
(4560, 'Antu', 38, 'active'),
(4561, 'Anupshahr', 38, 'active'),
(4562, 'Aonla', 38, 'active'),
(4563, 'Armapur Estate', 38, 'active'),
(4564, 'Ashokpuram', 38, 'active'),
(4565, 'Ashrafpur Kichhauchha', 38, 'active'),
(4566, 'Atarra', 38, 'active'),
(4567, 'Atasu', 38, 'active'),
(4568, 'Atrauli', 38, 'active'),
(4569, 'Atraulia', 38, 'active'),
(4570, 'Auraiya', 38, 'active'),
(4571, 'Aurangabad', 38, 'active'),
(4572, 'Aurangabad Bangar', 38, 'active'),
(4573, 'Auras', 38, 'active'),
(4574, 'Awagarh', 38, 'active'),
(4575, 'Ayodhya', 38, 'active'),
(4576, 'Azamgarh', 38, 'active'),
(4577, 'Azizpur', 38, 'active'),
(4578, 'Azmatgarh', 38, 'active'),
(4579, 'Babarpur Ajitmal', 38, 'active'),
(4580, 'Baberu', 38, 'active'),
(4581, 'Babina', 38, 'active'),
(4582, 'Babrala', 38, 'active'),
(4583, 'Babugarh', 38, 'active'),
(4584, 'Bachhiowan', 38, 'active'),
(4585, 'Bachhraon', 38, 'active'),
(4586, 'Bad', 38, 'active'),
(4587, 'Badaun', 38, 'active'),
(4588, 'Baghpat', 38, 'active'),
(4589, 'Bah', 38, 'active'),
(4590, 'Bahadurganj', 38, 'active'),
(4591, 'Baheri', 38, 'active'),
(4592, 'Bahjoi', 38, 'active'),
(4593, 'Bahraich', 38, 'active'),
(4594, 'Bahsuma', 38, 'active'),
(4595, 'Bahua', 38, 'active'),
(4596, 'Bajna', 38, 'active'),
(4597, 'Bakewar', 38, 'active'),
(4598, 'Bakiabad', 38, 'active'),
(4599, 'Baldeo', 38, 'active'),
(4600, 'Ballia', 38, 'active'),
(4601, 'Balrampur', 38, 'active'),
(4602, 'Banat', 38, 'active'),
(4603, 'Banda', 38, 'active'),
(4604, 'Bangarmau', 38, 'active'),
(4605, 'Banki', 38, 'active'),
(4606, 'Bansdih', 38, 'active'),
(4607, 'Bansgaon', 38, 'active'),
(4608, 'Bansi', 38, 'active'),
(4609, 'Barabanki', 38, 'active'),
(4610, 'Baragaon', 38, 'active'),
(4611, 'Baraut', 38, 'active'),
(4612, 'Bareilly', 38, 'active'),
(4613, 'Bareilly Cantonment', 38, 'active'),
(4614, 'Barhalganj', 38, 'active'),
(4615, 'Barhani', 38, 'active'),
(4616, 'Barhapur', 38, 'active'),
(4617, 'Barkhera', 38, 'active'),
(4618, 'Barsana', 38, 'active'),
(4619, 'Barva Sagar', 38, 'active'),
(4620, 'Barwar', 38, 'active'),
(4621, 'Basti', 38, 'active'),
(4622, 'Begumabad Budhana', 38, 'active'),
(4623, 'Behat', 38, 'active'),
(4624, 'Behta Hajipur', 38, 'active'),
(4625, 'Bela', 38, 'active'),
(4626, 'Belthara', 38, 'active'),
(4627, 'Beniganj', 38, 'active'),
(4628, 'Beswan', 38, 'active'),
(4629, 'Bewar', 38, 'active'),
(4630, 'Bhadarsa', 38, 'active'),
(4631, 'Bhadohi', 38, 'active'),
(4632, 'Bhagwantnagar', 38, 'active'),
(4633, 'Bharatganj', 38, 'active'),
(4634, 'Bhargain', 38, 'active'),
(4635, 'Bharthana', 38, 'active');
INSERT INTO `tbl_city` (`id`, `name`, `sid`, `status`) VALUES
(4636, 'Bharuhana', 38, 'active'),
(4637, 'Bharwari', 38, 'active'),
(4638, 'Bhatni Bazar', 38, 'active'),
(4639, 'Bhatpar Rani', 38, 'active'),
(4640, 'Bhawan Bahadurnagar', 38, 'active'),
(4641, 'Bhinga', 38, 'active'),
(4642, 'Bhojpur Dharampur', 38, 'active'),
(4643, 'Bhokarhedi', 38, 'active'),
(4644, 'Bhongaon', 38, 'active'),
(4645, 'Bhulepur', 38, 'active'),
(4646, 'Bidhuna', 38, 'active'),
(4647, 'Bighapur', 38, 'active'),
(4648, 'Bijnor', 38, 'active'),
(4649, 'Bijpur', 38, 'active'),
(4650, 'Bikapur', 38, 'active'),
(4651, 'Bilari', 38, 'active'),
(4652, 'Bilaspur', 38, 'active'),
(4653, 'Bilgram', 38, 'active'),
(4654, 'Bilhaur', 38, 'active'),
(4655, 'Bilram', 38, 'active'),
(4656, 'Bilrayaganj', 38, 'active'),
(4657, 'Bilsanda', 38, 'active'),
(4658, 'Bilsi', 38, 'active'),
(4659, 'Bindki', 38, 'active'),
(4660, 'Bisalpur', 38, 'active'),
(4661, 'Bisanda Buzurg', 38, 'active'),
(4662, 'Bisauli', 38, 'active'),
(4663, 'Bisharatganj', 38, 'active'),
(4664, 'Bisokhar', 38, 'active'),
(4665, 'Biswan', 38, 'active'),
(4666, 'Bithur', 38, 'active'),
(4667, 'Budaun', 38, 'active'),
(4668, 'Bugrasi', 38, 'active'),
(4669, 'Bulandshahar', 38, 'active'),
(4670, 'Burhana', 38, 'active'),
(4671, 'Chail', 38, 'active'),
(4672, 'Chak Imam Ali', 38, 'active'),
(4673, 'Chakeri', 38, 'active'),
(4674, 'Chakia', 38, 'active'),
(4675, 'Chandauli', 38, 'active'),
(4676, 'Chandausi', 38, 'active'),
(4677, 'Chandpur', 38, 'active'),
(4678, 'Charkhari', 38, 'active'),
(4679, 'Charthawal', 38, 'active'),
(4680, 'Chaumuhan', 38, 'active'),
(4681, 'Chhaprauli', 38, 'active'),
(4682, 'Chhara Rafatpur', 38, 'active'),
(4683, 'Chharprauli', 38, 'active'),
(4684, 'Chhata', 38, 'active'),
(4685, 'Chhatari', 38, 'active'),
(4686, 'Chhibramau', 38, 'active'),
(4687, 'Chhutmalpur', 38, 'active'),
(4688, 'Chilkana Sultanpur', 38, 'active'),
(4689, 'Chirgaon', 38, 'active'),
(4690, 'Chit Baragaon', 38, 'active'),
(4691, 'Chitrakut Dham', 38, 'active'),
(4692, 'Chopan', 38, 'active'),
(4693, 'Choubepur Kalan', 38, 'active'),
(4694, 'Chunar', 38, 'active'),
(4695, 'Churk Ghurma', 38, 'active'),
(4696, 'Colonelganj', 38, 'active'),
(4697, 'Dadri', 38, 'active'),
(4698, 'Dalmau', 38, 'active'),
(4699, 'Dankaur', 38, 'active'),
(4700, 'Dariyabad', 38, 'active'),
(4701, 'Dasna', 38, 'active'),
(4702, 'Dataganj', 38, 'active'),
(4703, 'Daurala', 38, 'active'),
(4704, 'Dayal Bagh', 38, 'active'),
(4705, 'Deoband', 38, 'active'),
(4706, 'Deoranian', 38, 'active'),
(4707, 'Deoria', 38, 'active'),
(4708, 'Dewa', 38, 'active'),
(4709, 'Dhampur', 38, 'active'),
(4710, 'Dhanauha', 38, 'active'),
(4711, 'Dhanauli', 38, 'active'),
(4712, 'Dhanaura', 38, 'active'),
(4713, 'Dharoti Khurd', 38, 'active'),
(4714, 'Dhauratanda', 38, 'active'),
(4715, 'Dhaurhra', 38, 'active'),
(4716, 'Dibai', 38, 'active'),
(4717, 'Dibiyapur', 38, 'active'),
(4718, 'Dildarnagar Fatehpur', 38, 'active'),
(4719, 'Do Ghat', 38, 'active'),
(4720, 'Dohrighat', 38, 'active'),
(4721, 'Dostpur', 38, 'active'),
(4722, 'Dudhinagar', 38, 'active'),
(4723, 'Dulhipur', 38, 'active'),
(4724, 'Dundwaraganj', 38, 'active'),
(4725, 'Ekdil', 38, 'active'),
(4726, 'Erich', 38, 'active'),
(4727, 'Etah', 38, 'active'),
(4728, 'Etawah', 38, 'active'),
(4729, 'Faizabad', 38, 'active'),
(4730, 'Faizabad Cantonment', 38, 'active'),
(4731, 'Faizganj', 38, 'active'),
(4732, 'Farah', 38, 'active'),
(4733, 'Faridnagar', 38, 'active'),
(4734, 'Faridpur', 38, 'active'),
(4735, 'Faridpur Cantonment', 38, 'active'),
(4736, 'Fariha', 38, 'active'),
(4737, 'Farrukhabad', 38, 'active'),
(4738, 'Fatehabad', 38, 'active'),
(4739, 'Fatehganj Pashchimi', 38, 'active'),
(4740, 'Fatehganj Purvi', 38, 'active'),
(4741, 'Fatehgarh', 38, 'active'),
(4742, 'Fatehpur', 38, 'active'),
(4743, 'Fatehpur Chaurasi', 38, 'active'),
(4744, 'Fatehpur Sikri', 38, 'active'),
(4745, 'Firozabad', 38, 'active'),
(4746, 'Gajraula', 38, 'active'),
(4747, 'Ganga Ghat', 38, 'active'),
(4748, 'Gangapur', 38, 'active'),
(4749, 'Gangoh', 38, 'active'),
(4750, 'Ganj Muradabad', 38, 'active'),
(4751, 'Garautha', 38, 'active'),
(4752, 'Garhi Pukhta', 38, 'active'),
(4753, 'Garhmukteshwar', 38, 'active'),
(4754, 'Gaura Barahaj', 38, 'active'),
(4755, 'Gauri Bazar', 38, 'active'),
(4756, 'Gausganj', 38, 'active'),
(4757, 'Gawan', 38, 'active'),
(4758, 'Ghatampur', 38, 'active'),
(4759, 'Ghaziabad', 38, 'active'),
(4760, 'Ghazipur', 38, 'active'),
(4761, 'Ghiror', 38, 'active'),
(4762, 'Ghorawal', 38, 'active'),
(4763, 'Ghosi', 38, 'active'),
(4764, 'Ghosia Bazar', 38, 'active'),
(4765, 'Ghughuli', 38, 'active'),
(4766, 'Gohand', 38, 'active'),
(4767, 'Gokul', 38, 'active'),
(4768, 'Gola Bazar', 38, 'active'),
(4769, 'Gola Gokarannath', 38, 'active'),
(4770, 'Gonda', 38, 'active'),
(4771, 'Gopamau', 38, 'active'),
(4772, 'Gopiganj', 38, 'active'),
(4773, 'Gorakhpur', 38, 'active'),
(4774, 'Gosainganj', 38, 'active'),
(4775, 'Govardhan', 38, 'active'),
(4776, 'Greater Noida', 38, 'active'),
(4777, 'Gulaothi', 38, 'active'),
(4778, 'Gulariya', 38, 'active'),
(4779, 'Gulariya Bhindara', 38, 'active'),
(4780, 'Gunnaur', 38, 'active'),
(4781, 'Gursahaiganj', 38, 'active'),
(4782, 'Gursarai', 38, 'active'),
(4783, 'Gyanpur', 38, 'active'),
(4784, 'Hafizpur', 38, 'active'),
(4785, 'Haidergarh', 38, 'active'),
(4786, 'Haldaur', 38, 'active'),
(4787, 'Hamirpur', 38, 'active'),
(4788, 'Handia', 38, 'active'),
(4789, 'Hapur', 38, 'active'),
(4790, 'Hardoi', 38, 'active'),
(4791, 'Harduaganj', 38, 'active'),
(4792, 'Hargaon', 38, 'active'),
(4793, 'Hariharpur', 38, 'active'),
(4794, 'Harraiya', 38, 'active'),
(4795, 'Hasanpur', 38, 'active'),
(4796, 'Hasayan', 38, 'active'),
(4797, 'Hastinapur', 38, 'active'),
(4798, 'Hata', 38, 'active'),
(4799, 'Hathras', 38, 'active'),
(4800, 'Hyderabad', 38, 'active'),
(4801, 'Ibrahimpur', 38, 'active'),
(4802, 'Iglas', 38, 'active'),
(4803, 'Ikauna', 38, 'active'),
(4804, 'Iltifatganj Bazar', 38, 'active'),
(4805, 'Indian Telephone Industry Mank', 38, 'active'),
(4806, 'Islamnagar', 38, 'active'),
(4807, 'Itaunja', 38, 'active'),
(4808, 'Itimadpur', 38, 'active'),
(4809, 'Jagner', 38, 'active'),
(4810, 'Jahanabad', 38, 'active'),
(4811, 'Jahangirabad', 38, 'active'),
(4812, 'Jahangirpur', 38, 'active'),
(4813, 'Jais', 38, 'active'),
(4814, 'Jaithara', 38, 'active'),
(4815, 'Jalalabad', 38, 'active'),
(4816, 'Jalali', 38, 'active'),
(4817, 'Jalalpur', 38, 'active'),
(4818, 'Jalaun', 38, 'active'),
(4819, 'Jalesar', 38, 'active'),
(4820, 'Jamshila', 38, 'active'),
(4821, 'Jangipur', 38, 'active'),
(4822, 'Jansath', 38, 'active'),
(4823, 'Jarwal', 38, 'active'),
(4824, 'Jasrana', 38, 'active'),
(4825, 'Jaswantnagar', 38, 'active'),
(4826, 'Jatari', 38, 'active'),
(4827, 'Jaunpur', 38, 'active'),
(4828, 'Jewar', 38, 'active'),
(4829, 'Jhalu', 38, 'active'),
(4830, 'Jhansi', 38, 'active'),
(4831, 'Jhansi Cantonment', 38, 'active'),
(4832, 'Jhansi Railway Settlement', 38, 'active'),
(4833, 'Jhinjhak', 38, 'active'),
(4834, 'Jhinjhana', 38, 'active'),
(4835, 'Jhusi', 38, 'active'),
(4836, 'Jhusi Kohna', 38, 'active'),
(4837, 'Jiyanpur', 38, 'active'),
(4838, 'Joya', 38, 'active'),
(4839, 'Jyoti Khuria', 38, 'active'),
(4840, 'Jyotiba Phule Nagar', 38, 'active'),
(4841, 'Kabrai', 38, 'active'),
(4842, 'Kachhauna Patseni', 38, 'active'),
(4843, 'Kachhla', 38, 'active'),
(4844, 'Kachhwa', 38, 'active'),
(4845, 'Kadaura', 38, 'active'),
(4846, 'Kadipur', 38, 'active'),
(4847, 'Kailashpur', 38, 'active'),
(4848, 'Kaimganj', 38, 'active'),
(4849, 'Kairana', 38, 'active'),
(4850, 'Kakgaina', 38, 'active'),
(4851, 'Kakod', 38, 'active'),
(4852, 'Kakori', 38, 'active'),
(4853, 'Kakrala', 38, 'active'),
(4854, 'Kalinagar', 38, 'active'),
(4855, 'Kalpi', 38, 'active'),
(4856, 'Kamalganj', 38, 'active'),
(4857, 'Kampil', 38, 'active'),
(4858, 'Kandhla', 38, 'active'),
(4859, 'Kandwa', 38, 'active'),
(4860, 'Kannauj', 38, 'active'),
(4861, 'Kanpur', 38, 'active'),
(4862, 'Kant', 38, 'active'),
(4863, 'Kanth', 38, 'active'),
(4864, 'Kaptanganj', 38, 'active'),
(4865, 'Karaon', 38, 'active'),
(4866, 'Karari', 38, 'active'),
(4867, 'Karhal', 38, 'active'),
(4868, 'Karnawal', 38, 'active'),
(4869, 'Kasganj', 38, 'active'),
(4870, 'Katariya', 38, 'active'),
(4871, 'Katghar Lalganj', 38, 'active'),
(4872, 'Kathera', 38, 'active'),
(4873, 'Katra', 38, 'active'),
(4874, 'Katra Medniganj', 38, 'active'),
(4875, 'Kauriaganj', 38, 'active'),
(4876, 'Kemri', 38, 'active'),
(4877, 'Kerakat', 38, 'active'),
(4878, 'Khadda', 38, 'active'),
(4879, 'Khaga', 38, 'active'),
(4880, 'Khailar', 38, 'active'),
(4881, 'Khair', 38, 'active'),
(4882, 'Khairabad', 38, 'active'),
(4883, 'Khairagarh', 38, 'active'),
(4884, 'Khalilabad', 38, 'active'),
(4885, 'Khamaria', 38, 'active'),
(4886, 'Khanpur', 38, 'active'),
(4887, 'Kharela', 38, 'active'),
(4888, 'Khargupur', 38, 'active'),
(4889, 'Khariya', 38, 'active'),
(4890, 'Kharkhoda', 38, 'active'),
(4891, 'Khatauli', 38, 'active'),
(4892, 'Khatauli Rural', 38, 'active'),
(4893, 'Khekra', 38, 'active'),
(4894, 'Kheri', 38, 'active'),
(4895, 'Kheta Sarai', 38, 'active'),
(4896, 'Khudaganj', 38, 'active'),
(4897, 'Khurja', 38, 'active'),
(4898, 'Khutar', 38, 'active'),
(4899, 'Kiraoli', 38, 'active'),
(4900, 'Kiratpur', 38, 'active'),
(4901, 'Kishanpur', 38, 'active'),
(4902, 'Kishni', 38, 'active'),
(4903, 'Kithaur', 38, 'active'),
(4904, 'Koiripur', 38, 'active'),
(4905, 'Konch', 38, 'active'),
(4906, 'Kopaganj', 38, 'active'),
(4907, 'Kora Jahanabad', 38, 'active'),
(4908, 'Korwa', 38, 'active'),
(4909, 'Kosi Kalan', 38, 'active'),
(4910, 'Kota', 38, 'active'),
(4911, 'Kotra', 38, 'active'),
(4912, 'Kotwa', 38, 'active'),
(4913, 'Kulpahar', 38, 'active'),
(4914, 'Kunda', 38, 'active'),
(4915, 'Kundarki', 38, 'active'),
(4916, 'Kunwargaon', 38, 'active'),
(4917, 'Kurara', 38, 'active'),
(4918, 'Kurawali', 38, 'active'),
(4919, 'Kursath', 38, 'active'),
(4920, 'Kurthi Jafarpur', 38, 'active'),
(4921, 'Kushinagar', 38, 'active'),
(4922, 'Kusmara', 38, 'active'),
(4923, 'Laharpur', 38, 'active'),
(4924, 'Lakhimpur', 38, 'active'),
(4925, 'Lakhna', 38, 'active'),
(4926, 'Lalganj', 38, 'active'),
(4927, 'Lalitpur', 38, 'active'),
(4928, 'Lar', 38, 'active'),
(4929, 'Lawar', 38, 'active'),
(4930, 'Ledwa Mahuwa', 38, 'active'),
(4931, 'Lohta', 38, 'active'),
(4932, 'Loni', 38, 'active'),
(4933, 'Lucknow', 38, 'active'),
(4934, 'Machhlishahr', 38, 'active'),
(4935, 'Madhoganj', 38, 'active'),
(4936, 'Madhogarh', 38, 'active'),
(4937, 'Maghar', 38, 'active'),
(4938, 'Mahaban', 38, 'active'),
(4939, 'Maharajganj', 38, 'active'),
(4940, 'Mahmudabad', 38, 'active'),
(4941, 'Mahoba', 38, 'active'),
(4942, 'Maholi', 38, 'active'),
(4943, 'Mahona', 38, 'active'),
(4944, 'Mahroni', 38, 'active'),
(4945, 'Mailani', 38, 'active'),
(4946, 'Mainpuri', 38, 'active'),
(4947, 'Majhara Pipar Ehatmali', 38, 'active'),
(4948, 'Majhauli Raj', 38, 'active'),
(4949, 'Malihabad', 38, 'active'),
(4950, 'Mallanwam', 38, 'active'),
(4951, 'Mandawar', 38, 'active'),
(4952, 'Manikpur', 38, 'active'),
(4953, 'Maniyar', 38, 'active'),
(4954, 'Manjhanpur', 38, 'active'),
(4955, 'Mankapur', 38, 'active'),
(4956, 'Marehra', 38, 'active'),
(4957, 'Mariahu', 38, 'active'),
(4958, 'Maruadih', 38, 'active'),
(4959, 'Maswasi', 38, 'active'),
(4960, 'Mataundh', 38, 'active'),
(4961, 'Mathu', 38, 'active'),
(4962, 'Mathura', 38, 'active'),
(4963, 'Mathura Cantonment', 38, 'active'),
(4964, 'Mau', 38, 'active'),
(4965, 'Mau Aima', 38, 'active'),
(4966, 'Maudaha', 38, 'active'),
(4967, 'Mauranipur', 38, 'active'),
(4968, 'Maurawan', 38, 'active'),
(4969, 'Mawana', 38, 'active'),
(4970, 'Meerut', 38, 'active'),
(4971, 'Mehnagar', 38, 'active'),
(4972, 'Mehndawal', 38, 'active'),
(4973, 'Mendu', 38, 'active'),
(4974, 'Milak', 38, 'active'),
(4975, 'Miranpur', 38, 'active'),
(4976, 'Mirat', 38, 'active'),
(4977, 'Mirat Cantonment', 38, 'active'),
(4978, 'Mirganj', 38, 'active'),
(4979, 'Mirzapur', 38, 'active'),
(4980, 'Misrikh', 38, 'active'),
(4981, 'Modinagar', 38, 'active'),
(4982, 'Mogra Badshahpur', 38, 'active'),
(4983, 'Mohan', 38, 'active'),
(4984, 'Mohanpur', 38, 'active'),
(4985, 'Mohiuddinpur', 38, 'active'),
(4986, 'Moradabad', 38, 'active'),
(4987, 'Moth', 38, 'active'),
(4988, 'Mubarakpur', 38, 'active'),
(4989, 'Mughal Sarai', 38, 'active'),
(4990, 'Mughal Sarai Railway Settlemen', 38, 'active'),
(4991, 'Muhammadabad', 38, 'active'),
(4992, 'Muhammadi', 38, 'active'),
(4993, 'Mukrampur Khema', 38, 'active'),
(4994, 'Mundia', 38, 'active'),
(4995, 'Mundora', 38, 'active'),
(4996, 'Muradnagar', 38, 'active'),
(4997, 'Mursan', 38, 'active'),
(4998, 'Musafirkhana', 38, 'active'),
(4999, 'Muzaffarnagar', 38, 'active'),
(5000, 'Nadigaon', 38, 'active'),
(5001, 'Nagina', 38, 'active'),
(5002, 'Nagram', 38, 'active'),
(5003, 'Nai Bazar', 38, 'active'),
(5004, 'Nainana Jat', 38, 'active'),
(5005, 'Najibabad', 38, 'active'),
(5006, 'Nakur', 38, 'active'),
(5007, 'Nanaunta', 38, 'active'),
(5008, 'Nandgaon', 38, 'active'),
(5009, 'Nanpara', 38, 'active'),
(5010, 'Naraini', 38, 'active'),
(5011, 'Narauli', 38, 'active'),
(5012, 'Naraura', 38, 'active'),
(5013, 'Naugawan Sadat', 38, 'active'),
(5014, 'Nautanwa', 38, 'active'),
(5015, 'Nawabganj', 38, 'active'),
(5016, 'Nichlaul', 38, 'active'),
(5017, 'Nidhauli Kalan', 38, 'active'),
(5018, 'Nihtaur', 38, 'active'),
(5019, 'Nindaura', 38, 'active'),
(5020, 'Niwari', 38, 'active'),
(5021, 'Nizamabad', 38, 'active'),
(5022, 'Noida', 38, 'active'),
(5023, 'Northern Railway Colony', 38, 'active'),
(5024, 'Nurpur', 38, 'active'),
(5025, 'Nyoria Husenpur', 38, 'active'),
(5026, 'Nyotini', 38, 'active'),
(5027, 'Obra', 38, 'active'),
(5028, 'Oel Dhakwa', 38, 'active'),
(5029, 'Orai', 38, 'active'),
(5030, 'Oran', 38, 'active'),
(5031, 'Ordinance Factory Muradnagar', 38, 'active'),
(5032, 'Pachperwa', 38, 'active'),
(5033, 'Padrauna', 38, 'active'),
(5034, 'Pahasu', 38, 'active'),
(5035, 'Paintepur', 38, 'active'),
(5036, 'Pali', 38, 'active'),
(5037, 'Palia Kalan', 38, 'active'),
(5038, 'Parasi', 38, 'active'),
(5039, 'Parichha', 38, 'active'),
(5040, 'Parichhatgarh', 38, 'active'),
(5041, 'Parsadepur', 38, 'active'),
(5042, 'Patala', 38, 'active'),
(5043, 'Patiyali', 38, 'active'),
(5044, 'Patti', 38, 'active'),
(5045, 'Pawayan', 38, 'active'),
(5046, 'Phalauda', 38, 'active'),
(5047, 'Phaphund', 38, 'active'),
(5048, 'Phulpur', 38, 'active'),
(5049, 'Phulwaria', 38, 'active'),
(5050, 'Pihani', 38, 'active'),
(5051, 'Pilibhit', 38, 'active'),
(5052, 'Pilkana', 38, 'active'),
(5053, 'Pilkhuwa', 38, 'active'),
(5054, 'Pinahat', 38, 'active'),
(5055, 'Pipalsana Chaudhari', 38, 'active'),
(5056, 'Pipiganj', 38, 'active'),
(5057, 'Pipraich', 38, 'active'),
(5058, 'Pipri', 38, 'active'),
(5059, 'Pratapgarh', 38, 'active'),
(5060, 'Pukhrayan', 38, 'active'),
(5061, 'Puranpur', 38, 'active'),
(5062, 'Purdil Nagar', 38, 'active'),
(5063, 'Purqazi', 38, 'active'),
(5064, 'Purwa', 38, 'active'),
(5065, 'Qasimpur', 38, 'active'),
(5066, 'Rabupura', 38, 'active'),
(5067, 'Radha Kund', 38, 'active'),
(5068, 'Rae Bareilly', 38, 'active'),
(5069, 'Raja Ka Rampur', 38, 'active'),
(5070, 'Rajapur', 38, 'active'),
(5071, 'Ramkola', 38, 'active'),
(5072, 'Ramnagar', 38, 'active'),
(5073, 'Rampur', 38, 'active'),
(5074, 'Rampur Bhawanipur', 38, 'active'),
(5075, 'Rampur Karkhana', 38, 'active'),
(5076, 'Rampur Maniharan', 38, 'active'),
(5077, 'Rampura', 38, 'active'),
(5078, 'Ranipur', 38, 'active'),
(5079, 'Rashidpur Garhi', 38, 'active'),
(5080, 'Rasra', 38, 'active'),
(5081, 'Rasulabad', 38, 'active'),
(5082, 'Rath', 38, 'active'),
(5083, 'Raya', 38, 'active'),
(5084, 'Renukut', 38, 'active'),
(5085, 'Reoti', 38, 'active'),
(5086, 'Richha', 38, 'active'),
(5087, 'Risia Bazar', 38, 'active'),
(5088, 'Rithora', 38, 'active'),
(5089, 'Robertsganj', 38, 'active'),
(5090, 'Roza', 38, 'active'),
(5091, 'Rudarpur', 38, 'active'),
(5092, 'Rudauli', 38, 'active'),
(5093, 'Rudayan', 38, 'active'),
(5094, 'Rura', 38, 'active'),
(5095, 'Rustamnagar Sahaspur', 38, 'active'),
(5096, 'Sabatwar', 38, 'active'),
(5097, 'Sadabad', 38, 'active'),
(5098, 'Sadat', 38, 'active'),
(5099, 'Safipur', 38, 'active'),
(5100, 'Sahanpur', 38, 'active'),
(5101, 'Saharanpur', 38, 'active'),
(5102, 'Sahaspur', 38, 'active'),
(5103, 'Sahaswan', 38, 'active'),
(5104, 'Sahawar', 38, 'active'),
(5105, 'Sahibabad', 38, 'active'),
(5106, 'Sahjanwa', 38, 'active'),
(5107, 'Sahpau', 38, 'active'),
(5108, 'Saidpur', 38, 'active'),
(5109, 'Sainthal', 38, 'active'),
(5110, 'Saiyadraja', 38, 'active'),
(5111, 'Sakhanu', 38, 'active'),
(5112, 'Sakit', 38, 'active'),
(5113, 'Salarpur Khadar', 38, 'active'),
(5114, 'Salimpur', 38, 'active'),
(5115, 'Salon', 38, 'active'),
(5116, 'Sambhal', 38, 'active'),
(5117, 'Sambhawali', 38, 'active'),
(5118, 'Samdhan', 38, 'active'),
(5119, 'Samthar', 38, 'active'),
(5120, 'Sandi', 38, 'active'),
(5121, 'Sandila', 38, 'active'),
(5122, 'Sarai Mir', 38, 'active'),
(5123, 'Sarai akil', 38, 'active'),
(5124, 'Sarauli', 38, 'active'),
(5125, 'Sardhana', 38, 'active'),
(5126, 'Sarila', 38, 'active'),
(5127, 'Sarsawan', 38, 'active'),
(5128, 'Sasni', 38, 'active'),
(5129, 'Satrikh', 38, 'active'),
(5130, 'Saunkh', 38, 'active'),
(5131, 'Saurikh', 38, 'active'),
(5132, 'Seohara', 38, 'active'),
(5133, 'Sewal Khas', 38, 'active'),
(5134, 'Sewarhi', 38, 'active'),
(5135, 'Shahabad', 38, 'active'),
(5136, 'Shahganj', 38, 'active'),
(5137, 'Shahi', 38, 'active'),
(5138, 'Shahjahanpur', 38, 'active'),
(5139, 'Shahjahanpur Cantonment', 38, 'active'),
(5140, 'Shahpur', 38, 'active'),
(5141, 'Shamli', 38, 'active'),
(5142, 'Shamsabad', 38, 'active'),
(5143, 'Shankargarh', 38, 'active'),
(5144, 'Shergarh', 38, 'active'),
(5145, 'Sherkot', 38, 'active'),
(5146, 'Shikarpur', 38, 'active'),
(5147, 'Shikohabad', 38, 'active'),
(5148, 'Shisgarh', 38, 'active'),
(5149, 'Shivdaspur', 38, 'active'),
(5150, 'Shivli', 38, 'active'),
(5151, 'Shivrajpur', 38, 'active'),
(5152, 'Shohratgarh', 38, 'active'),
(5153, 'Siddhanur', 38, 'active'),
(5154, 'Siddharthnagar', 38, 'active'),
(5155, 'Sidhauli', 38, 'active'),
(5156, 'Sidhpura', 38, 'active'),
(5157, 'Sikandarabad', 38, 'active'),
(5158, 'Sikandarpur', 38, 'active'),
(5159, 'Sikandra', 38, 'active'),
(5160, 'Sikandra Rao', 38, 'active'),
(5161, 'Singahi Bhiraura', 38, 'active'),
(5162, 'Sirathu', 38, 'active'),
(5163, 'Sirsa', 38, 'active'),
(5164, 'Sirsaganj', 38, 'active'),
(5165, 'Sirsi', 38, 'active'),
(5166, 'Sisauli', 38, 'active'),
(5167, 'Siswa Bazar', 38, 'active'),
(5168, 'Sitapur', 38, 'active'),
(5169, 'Siyana', 38, 'active'),
(5170, 'Som', 38, 'active'),
(5171, 'Sonbhadra', 38, 'active'),
(5172, 'Soron', 38, 'active'),
(5173, 'Suar', 38, 'active'),
(5174, 'Sukhmalpur Nizamabad', 38, 'active'),
(5175, 'Sultanpur', 38, 'active'),
(5176, 'Sumerpur', 38, 'active'),
(5177, 'Suriyawan', 38, 'active'),
(5178, 'Swamibagh', 38, 'active'),
(5179, 'Tajpur', 38, 'active'),
(5180, 'Talbahat', 38, 'active'),
(5181, 'Talgram', 38, 'active'),
(5182, 'Tambaur', 38, 'active'),
(5183, 'Tanda', 38, 'active'),
(5184, 'Tatarpur Lallu', 38, 'active'),
(5185, 'Tetribazar', 38, 'active'),
(5186, 'Thakurdwara', 38, 'active'),
(5187, 'Thana Bhawan', 38, 'active'),
(5188, 'Thiriya Nizamat Khan', 38, 'active'),
(5189, 'Tikaitnagar', 38, 'active'),
(5190, 'Tikri', 38, 'active'),
(5191, 'Tilhar', 38, 'active'),
(5192, 'Tindwari', 38, 'active'),
(5193, 'Tirwaganj', 38, 'active'),
(5194, 'Titron', 38, 'active'),
(5195, 'Tori Fatehpur', 38, 'active'),
(5196, 'Tulsipur', 38, 'active'),
(5197, 'Tundla', 38, 'active'),
(5198, 'Tundla Kham', 38, 'active'),
(5199, 'Tundla Railway Colony', 38, 'active'),
(5200, 'Ugu', 38, 'active'),
(5201, 'Ujhani', 38, 'active'),
(5202, 'Ujhari', 38, 'active'),
(5203, 'Umri', 38, 'active'),
(5204, 'Umri Kalan', 38, 'active'),
(5205, 'Un', 38, 'active'),
(5206, 'Unchahar', 38, 'active'),
(5207, 'Unnao', 38, 'active'),
(5208, 'Usaihat', 38, 'active'),
(5209, 'Usawan', 38, 'active'),
(5210, 'Utraula', 38, 'active'),
(5211, 'Varanasi', 38, 'active'),
(5212, 'Varanasi Cantonment', 38, 'active'),
(5213, 'Vijaigarh', 38, 'active'),
(5214, 'Vrindavan', 38, 'active'),
(5215, 'Wazirganj', 38, 'active'),
(5216, 'Zafarabad', 38, 'active'),
(5217, 'Zaidpur', 38, 'active'),
(5218, 'Zamania', 38, 'active'),
(5219, 'Almora', 39, 'active'),
(5220, 'Almora Cantonment', 39, 'active'),
(5221, 'Badrinathpuri', 39, 'active'),
(5222, 'Bageshwar', 39, 'active'),
(5223, 'Bah Bazar', 39, 'active'),
(5224, 'Banbasa', 39, 'active'),
(5225, 'Bandia', 39, 'active'),
(5226, 'Barkot', 39, 'active'),
(5227, 'Bazpur', 39, 'active'),
(5228, 'Bhim Tal', 39, 'active'),
(5229, 'Bhowali', 39, 'active'),
(5230, 'Chakrata', 39, 'active'),
(5231, 'Chamba', 39, 'active'),
(5232, 'Chamoli and Gopeshwar', 39, 'active'),
(5233, 'Champawat', 39, 'active'),
(5234, 'Clement Town', 39, 'active'),
(5235, 'Dehra Dun Cantonment', 39, 'active'),
(5236, 'Dehradun', 39, 'active'),
(5237, 'Dehrakhas', 39, 'active'),
(5238, 'Devaprayag', 39, 'active'),
(5239, 'Dhaluwala', 39, 'active'),
(5240, 'Dhandera', 39, 'active'),
(5241, 'Dharchula', 39, 'active'),
(5242, 'Dharchula Dehat', 39, 'active'),
(5243, 'Didihat', 39, 'active'),
(5244, 'Dineshpur', 39, 'active'),
(5245, 'Doiwala', 39, 'active'),
(5246, 'Dugadda', 39, 'active'),
(5247, 'Dwarahat', 39, 'active'),
(5248, 'Gadarpur', 39, 'active'),
(5249, 'Gangotri', 39, 'active'),
(5250, 'Gauchar', 39, 'active'),
(5251, 'Haldwani', 39, 'active'),
(5252, 'Haridwar', 39, 'active'),
(5253, 'Herbertpur', 39, 'active'),
(5254, 'Jaspur', 39, 'active'),
(5255, 'Jhabrera', 39, 'active'),
(5256, 'Joshimath', 39, 'active'),
(5257, 'Kachnal Gosain', 39, 'active'),
(5258, 'Kaladungi', 39, 'active'),
(5259, 'Kalagarh', 39, 'active'),
(5260, 'Karnaprayang', 39, 'active'),
(5261, 'Kashipur', 39, 'active'),
(5262, 'Kashirampur', 39, 'active'),
(5263, 'Kausani', 39, 'active'),
(5264, 'Kedarnath', 39, 'active'),
(5265, 'Kelakhera', 39, 'active'),
(5266, 'Khatima', 39, 'active'),
(5267, 'Kichha', 39, 'active'),
(5268, 'Kirtinagar', 39, 'active'),
(5269, 'Kotdwara', 39, 'active'),
(5270, 'Laksar', 39, 'active'),
(5271, 'Lalkuan', 39, 'active'),
(5272, 'Landaura', 39, 'active'),
(5273, 'Landhaura Cantonment', 39, 'active'),
(5274, 'Lensdaun', 39, 'active'),
(5275, 'Logahat', 39, 'active'),
(5276, 'Mahua Dabra Haripura', 39, 'active'),
(5277, 'Mahua Kheraganj', 39, 'active'),
(5278, 'Manglaur', 39, 'active'),
(5279, 'Masuri', 39, 'active'),
(5280, 'Mohanpur Mohammadpur', 39, 'active'),
(5281, 'Muni Ki Reti', 39, 'active'),
(5282, 'Nagla', 39, 'active'),
(5283, 'Nainital', 39, 'active'),
(5284, 'Nainital Cantonment', 39, 'active'),
(5285, 'Nandaprayang', 39, 'active'),
(5286, 'Narendranagar', 39, 'active'),
(5287, 'Pauri', 39, 'active'),
(5288, 'Pithoragarh', 39, 'active'),
(5289, 'Pratitnagar', 39, 'active'),
(5290, 'Raipur', 39, 'active'),
(5291, 'Raiwala', 39, 'active'),
(5292, 'Ramnagar', 39, 'active'),
(5293, 'Ranikhet', 39, 'active'),
(5294, 'Ranipur', 39, 'active'),
(5295, 'Rishikesh', 39, 'active'),
(5296, 'Rishikesh Cantonment', 39, 'active'),
(5297, 'Roorkee', 39, 'active'),
(5298, 'Rudraprayag', 39, 'active'),
(5299, 'Rudrapur', 39, 'active'),
(5300, 'Rurki', 39, 'active'),
(5301, 'Rurki Cantonment', 39, 'active'),
(5302, 'Shaktigarh', 39, 'active'),
(5303, 'Sitarganj', 39, 'active'),
(5304, 'Srinagar', 39, 'active'),
(5305, 'Sultanpur', 39, 'active'),
(5306, 'Tanakpur', 39, 'active'),
(5307, 'Tehri', 39, 'active'),
(5308, 'Udham Singh Nagar', 39, 'active'),
(5309, 'Uttarkashi', 39, 'active'),
(5310, 'Vikasnagar', 39, 'active'),
(5311, 'Virbhadra', 39, 'active'),
(5312, '24 Parganas (n)', 41, 'active'),
(5313, '24 Parganas (s)', 41, 'active'),
(5314, 'Adra', 41, 'active'),
(5315, 'Ahmadpur', 41, 'active'),
(5316, 'Aiho', 41, 'active'),
(5317, 'Aistala', 41, 'active'),
(5318, 'Alipur Duar', 41, 'active'),
(5319, 'Alipur Duar Railway Junction', 41, 'active'),
(5320, 'Alpur', 41, 'active'),
(5321, 'Amalhara', 41, 'active'),
(5322, 'Amkula', 41, 'active'),
(5323, 'Amlagora', 41, 'active'),
(5324, 'Amodghata', 41, 'active'),
(5325, 'Amtala', 41, 'active'),
(5326, 'Andul', 41, 'active'),
(5327, 'Anksa', 41, 'active'),
(5328, 'Ankurhati', 41, 'active'),
(5329, 'Anup Nagar', 41, 'active'),
(5330, 'Arambagh', 41, 'active'),
(5331, 'Argari', 41, 'active'),
(5332, 'Arsha', 41, 'active'),
(5333, 'Asansol', 41, 'active'),
(5334, 'Ashoknagar Kalyangarh', 41, 'active'),
(5335, 'Aurangabad', 41, 'active'),
(5336, 'Bablari Dewanganj', 41, 'active'),
(5337, 'Badhagachhi', 41, 'active'),
(5338, 'Baduria', 41, 'active'),
(5339, 'Baghdogra', 41, 'active'),
(5340, 'Bagnan', 41, 'active'),
(5341, 'Bagra', 41, 'active'),
(5342, 'Bagula', 41, 'active'),
(5343, 'Baharampur', 41, 'active'),
(5344, 'Bahirgram', 41, 'active'),
(5345, 'Bahula', 41, 'active'),
(5346, 'Baidyabati', 41, 'active'),
(5347, 'Bairatisal', 41, 'active'),
(5348, 'Baj Baj', 41, 'active'),
(5349, 'Bakreswar', 41, 'active'),
(5350, 'Balaram Pota', 41, 'active'),
(5351, 'Balarampur', 41, 'active'),
(5352, 'Bali Chak', 41, 'active'),
(5353, 'Ballavpur', 41, 'active'),
(5354, 'Bally', 41, 'active'),
(5355, 'Balurghat', 41, 'active'),
(5356, 'Bamunari', 41, 'active'),
(5357, 'Banarhat Tea Garden', 41, 'active'),
(5358, 'Bandel', 41, 'active'),
(5359, 'Bangaon', 41, 'active'),
(5360, 'Bankra', 41, 'active'),
(5361, 'Bankura', 41, 'active'),
(5362, 'Bansbaria', 41, 'active'),
(5363, 'Banshra', 41, 'active'),
(5364, 'Banupur', 41, 'active'),
(5365, 'Bara Bamonia', 41, 'active'),
(5366, 'Barakpur', 41, 'active'),
(5367, 'Barakpur Cantonment', 41, 'active'),
(5368, 'Baranagar', 41, 'active'),
(5369, 'Barasat', 41, 'active'),
(5370, 'Barddhaman', 41, 'active'),
(5371, 'Barijhati', 41, 'active'),
(5372, 'Barjora', 41, 'active'),
(5373, 'Barrackpore', 41, 'active'),
(5374, 'Baruihuda', 41, 'active'),
(5375, 'Baruipur', 41, 'active'),
(5376, 'Barunda', 41, 'active'),
(5377, 'Basirhat', 41, 'active'),
(5378, 'Baska', 41, 'active'),
(5379, 'Begampur', 41, 'active'),
(5380, 'Beldanga', 41, 'active'),
(5381, 'Beldubi', 41, 'active'),
(5382, 'Belebathan', 41, 'active'),
(5383, 'Beliator', 41, 'active'),
(5384, 'Bhadreswar', 41, 'active'),
(5385, 'Bhandardaha', 41, 'active'),
(5386, 'Bhangar Raghunathpur', 41, 'active'),
(5387, 'Bhangri Pratham Khanda', 41, 'active'),
(5388, 'Bhanowara', 41, 'active'),
(5389, 'Bhatpara', 41, 'active'),
(5390, 'Bholar Dabri', 41, 'active'),
(5391, 'Bidhannagar', 41, 'active'),
(5392, 'Bidyadharpur', 41, 'active'),
(5393, 'Biki Hakola', 41, 'active'),
(5394, 'Bilandapur', 41, 'active'),
(5395, 'Bilpahari', 41, 'active'),
(5396, 'Bipra Noapara', 41, 'active'),
(5397, 'Birlapur', 41, 'active'),
(5398, 'Birnagar', 41, 'active'),
(5399, 'Bisarpara', 41, 'active'),
(5400, 'Bishnupur', 41, 'active'),
(5401, 'Bolpur', 41, 'active'),
(5402, 'Bongaon', 41, 'active'),
(5403, 'Bowali', 41, 'active'),
(5404, 'Burdwan', 41, 'active'),
(5405, 'Canning', 41, 'active'),
(5406, 'Cart Road', 41, 'active'),
(5407, 'Chachanda', 41, 'active'),
(5408, 'Chak Bankola', 41, 'active'),
(5409, 'Chak Enayetnagar', 41, 'active'),
(5410, 'Chak Kashipur', 41, 'active'),
(5411, 'Chakalampur', 41, 'active'),
(5412, 'Chakbansberia', 41, 'active'),
(5413, 'Chakdaha', 41, 'active'),
(5414, 'Chakpara', 41, 'active'),
(5415, 'Champahati', 41, 'active'),
(5416, 'Champdani', 41, 'active'),
(5417, 'Chamrail', 41, 'active'),
(5418, 'Chandannagar', 41, 'active'),
(5419, 'Chandpur', 41, 'active'),
(5420, 'Chandrakona', 41, 'active'),
(5421, 'Chapari', 41, 'active'),
(5422, 'Chapui', 41, 'active'),
(5423, 'Char Brahmanagar', 41, 'active'),
(5424, 'Char Maijdia', 41, 'active'),
(5425, 'Charka', 41, 'active'),
(5426, 'Chata Kalikapur', 41, 'active'),
(5427, 'Chauhati', 41, 'active'),
(5428, 'Checha Khata', 41, 'active'),
(5429, 'Chelad', 41, 'active'),
(5430, 'Chhora', 41, 'active'),
(5431, 'Chikrand', 41, 'active'),
(5432, 'Chittaranjan', 41, 'active'),
(5433, 'Contai', 41, 'active'),
(5434, 'Cooch Behar', 41, 'active'),
(5435, 'Dainhat', 41, 'active'),
(5436, 'Dakshin Baguan', 41, 'active'),
(5437, 'Dakshin Jhapardaha', 41, 'active'),
(5438, 'Dakshin Rajyadharpur', 41, 'active'),
(5439, 'Dakshin Raypur', 41, 'active'),
(5440, 'Dalkola', 41, 'active'),
(5441, 'Dalurband', 41, 'active'),
(5442, 'Darap Pur', 41, 'active'),
(5443, 'Darjiling', 41, 'active'),
(5444, 'Daulatpur', 41, 'active'),
(5445, 'Debipur', 41, 'active'),
(5446, 'Defahat', 41, 'active'),
(5447, 'Deora', 41, 'active'),
(5448, 'Deulia', 41, 'active'),
(5449, 'Dhakuria', 41, 'active'),
(5450, 'Dhandadihi', 41, 'active'),
(5451, 'Dhanyakuria', 41, 'active'),
(5452, 'Dharmapur', 41, 'active'),
(5453, 'Dhatri Gram', 41, 'active'),
(5454, 'Dhuilya', 41, 'active'),
(5455, 'Dhulagari', 41, 'active'),
(5456, 'Dhulian', 41, 'active'),
(5457, 'Dhupgari', 41, 'active'),
(5458, 'Dhusaripara', 41, 'active'),
(5459, 'Diamond Harbour', 41, 'active'),
(5460, 'Digha', 41, 'active'),
(5461, 'Dignala', 41, 'active'),
(5462, 'Dinhata', 41, 'active'),
(5463, 'Dubrajpur', 41, 'active'),
(5464, 'Dumjor', 41, 'active'),
(5465, 'Durgapur', 41, 'active'),
(5466, 'Durllabhganj', 41, 'active'),
(5467, 'Egra', 41, 'active'),
(5468, 'Eksara', 41, 'active'),
(5469, 'Falakata', 41, 'active'),
(5470, 'Farakka', 41, 'active'),
(5471, 'Fatellapur', 41, 'active'),
(5472, 'Fort Gloster', 41, 'active'),
(5473, 'Gabberia', 41, 'active'),
(5474, 'Gadigachha', 41, 'active'),
(5475, 'Gairkata', 41, 'active'),
(5476, 'Gangarampur', 41, 'active'),
(5477, 'Garalgachha', 41, 'active'),
(5478, 'Garbeta Amlagora', 41, 'active'),
(5479, 'Garhbeta', 41, 'active'),
(5480, 'Garshyamnagar', 41, 'active'),
(5481, 'Garui', 41, 'active'),
(5482, 'Garulia', 41, 'active'),
(5483, 'Gayespur', 41, 'active'),
(5484, 'Ghatal', 41, 'active'),
(5485, 'Ghorsala', 41, 'active'),
(5486, 'Goaljan', 41, 'active'),
(5487, 'Goasafat', 41, 'active'),
(5488, 'Gobardanga', 41, 'active'),
(5489, 'Gobindapur', 41, 'active'),
(5490, 'Gopalpur', 41, 'active'),
(5491, 'Gopinathpur', 41, 'active'),
(5492, 'Gora Bazar', 41, 'active'),
(5493, 'Guma', 41, 'active'),
(5494, 'Gurdaha', 41, 'active'),
(5495, 'Guriahati', 41, 'active'),
(5496, 'Guskhara', 41, 'active'),
(5497, 'Habra', 41, 'active'),
(5498, 'Haldia', 41, 'active'),
(5499, 'Haldibari', 41, 'active'),
(5500, 'Halisahar', 41, 'active'),
(5501, 'Haora', 41, 'active'),
(5502, 'Harharia Chak', 41, 'active'),
(5503, 'Harindanga', 41, 'active'),
(5504, 'Haringhata', 41, 'active'),
(5505, 'Haripur', 41, 'active'),
(5506, 'Harishpur', 41, 'active'),
(5507, 'Hatgachha', 41, 'active'),
(5508, 'Hatsimla', 41, 'active'),
(5509, 'Hijuli', 41, 'active'),
(5510, 'Hindustan Cables Town', 41, 'active'),
(5511, 'Hooghly', 41, 'active'),
(5512, 'Howrah', 41, 'active'),
(5513, 'Hugli-Chunchura', 41, 'active'),
(5514, 'Humaipur', 41, 'active'),
(5515, 'Ichha Pur Defence Estate', 41, 'active'),
(5516, 'Ingraj Bazar', 41, 'active'),
(5517, 'Islampur', 41, 'active'),
(5518, 'Jafarpur', 41, 'active'),
(5519, 'Jagadanandapur', 41, 'active'),
(5520, 'Jagdishpur', 41, 'active'),
(5521, 'Jagtaj', 41, 'active'),
(5522, 'Jala Kendua', 41, 'active'),
(5523, 'Jaldhaka', 41, 'active'),
(5524, 'Jalkhura', 41, 'active'),
(5525, 'Jalpaiguri', 41, 'active'),
(5526, 'Jamuria', 41, 'active'),
(5527, 'Jangipur', 41, 'active'),
(5528, 'Jaygaon', 41, 'active'),
(5529, 'Jaynagar-Majilpur', 41, 'active'),
(5530, 'Jemari', 41, 'active'),
(5531, 'Jemari Township', 41, 'active'),
(5532, 'Jetia', 41, 'active'),
(5533, 'Jhalida', 41, 'active'),
(5534, 'Jhargram', 41, 'active'),
(5535, 'Jhorhat', 41, 'active'),
(5536, 'Jiaganj-Azimganj', 41, 'active'),
(5537, 'Joka', 41, 'active'),
(5538, 'Jot Kamal', 41, 'active'),
(5539, 'Kachu Pukur', 41, 'active'),
(5540, 'Kajora', 41, 'active'),
(5541, 'Kakdihi', 41, 'active'),
(5542, 'Kakdwip', 41, 'active'),
(5543, 'Kalaikunda', 41, 'active'),
(5544, 'Kalara', 41, 'active'),
(5545, 'Kalimpong', 41, 'active'),
(5546, 'Kaliyaganj', 41, 'active'),
(5547, 'Kalna', 41, 'active'),
(5548, 'Kalyani', 41, 'active'),
(5549, 'Kamarhati', 41, 'active'),
(5550, 'Kanaipur', 41, 'active'),
(5551, 'Kanchrapara', 41, 'active'),
(5552, 'Kandi', 41, 'active'),
(5553, 'Kanki', 41, 'active'),
(5554, 'Kankuria', 41, 'active'),
(5555, 'Kantlia', 41, 'active'),
(5556, 'Kanyanagar', 41, 'active'),
(5557, 'Karimpur', 41, 'active'),
(5558, 'Karsiyang', 41, 'active'),
(5559, 'Kasba', 41, 'active'),
(5560, 'Kasimbazar', 41, 'active'),
(5561, 'Katwa', 41, 'active'),
(5562, 'Kaugachhi', 41, 'active'),
(5563, 'Kenda', 41, 'active'),
(5564, 'Kendra Khottamdi', 41, 'active'),
(5565, 'Kendua', 41, 'active'),
(5566, 'Kesabpur', 41, 'active'),
(5567, 'Khagrabari', 41, 'active'),
(5568, 'Khalia', 41, 'active'),
(5569, 'Khalor', 41, 'active'),
(5570, 'Khandra', 41, 'active'),
(5571, 'Khantora', 41, 'active'),
(5572, 'Kharagpur', 41, 'active'),
(5573, 'Kharagpur Railway Settlement', 41, 'active'),
(5574, 'Kharar', 41, 'active'),
(5575, 'Khardaha', 41, 'active'),
(5576, 'Khari Mala Khagrabari', 41, 'active'),
(5577, 'Kharsarai', 41, 'active'),
(5578, 'Khatra', 41, 'active'),
(5579, 'Khodarampur', 41, 'active'),
(5580, 'Kodalia', 41, 'active'),
(5581, 'Kolaghat', 41, 'active'),
(5582, 'Kolaghat Thermal Power Project', 41, 'active'),
(5583, 'Kolkata', 41, 'active'),
(5584, 'Konardihi', 41, 'active'),
(5585, 'Konnogar', 41, 'active'),
(5586, 'Krishnanagar', 41, 'active'),
(5587, 'Krishnapur', 41, 'active'),
(5588, 'Kshidirpur', 41, 'active'),
(5589, 'Kshirpai', 41, 'active'),
(5590, 'Kulihanda', 41, 'active'),
(5591, 'Kulti', 41, 'active'),
(5592, 'Kunustara', 41, 'active'),
(5593, 'Kuperskem', 41, 'active'),
(5594, 'Madanpur', 41, 'active'),
(5595, 'Madhusudanpur', 41, 'active'),
(5596, 'Madhyamgram', 41, 'active'),
(5597, 'Maheshtala', 41, 'active'),
(5598, 'Mahiari', 41, 'active'),
(5599, 'Mahikpur', 41, 'active'),
(5600, 'Mahira', 41, 'active'),
(5601, 'Mahishadal', 41, 'active'),
(5602, 'Mainaguri', 41, 'active'),
(5603, 'Makardaha', 41, 'active'),
(5604, 'Mal', 41, 'active'),
(5605, 'Malda', 41, 'active'),
(5606, 'Mandarbani', 41, 'active'),
(5607, 'Mansinhapur', 41, 'active'),
(5608, 'Masila', 41, 'active'),
(5609, 'Maslandapur', 41, 'active'),
(5610, 'Mathabhanga', 41, 'active'),
(5611, 'Mekliganj', 41, 'active'),
(5612, 'Memari', 41, 'active'),
(5613, 'Midnapur', 41, 'active'),
(5614, 'Mirik', 41, 'active'),
(5615, 'Monoharpur', 41, 'active'),
(5616, 'Mrigala', 41, 'active'),
(5617, 'Muragachha', 41, 'active'),
(5618, 'Murgathaul', 41, 'active'),
(5619, 'Murshidabad', 41, 'active'),
(5620, 'Nabadhai Dutta Pukur', 41, 'active'),
(5621, 'Nabagram', 41, 'active'),
(5622, 'Nabgram', 41, 'active'),
(5623, 'Nachhratpur Katabari', 41, 'active'),
(5624, 'Nadia', 41, 'active'),
(5625, 'Naihati', 41, 'active'),
(5626, 'Nalhati', 41, 'active'),
(5627, 'Nasra', 41, 'active'),
(5628, 'Natibpur', 41, 'active'),
(5629, 'Naupala', 41, 'active'),
(5630, 'Navadwip', 41, 'active'),
(5631, 'Nebadhai Duttapukur', 41, 'active'),
(5632, 'New Barrackpore', 41, 'active'),
(5633, 'Ni Barakpur', 41, 'active'),
(5634, 'Nibra', 41, 'active'),
(5635, 'Noapara', 41, 'active'),
(5636, 'Nokpul', 41, 'active'),
(5637, 'North Barakpur', 41, 'active'),
(5638, 'Odlabari', 41, 'active'),
(5639, 'Old Maldah', 41, 'active'),
(5640, 'Ondal', 41, 'active'),
(5641, 'Pairagachha', 41, 'active'),
(5642, 'Palashban', 41, 'active'),
(5643, 'Panchla', 41, 'active'),
(5644, 'Panchpara', 41, 'active'),
(5645, 'Pandua', 41, 'active'),
(5646, 'Pangachhiya', 41, 'active'),
(5647, 'Paniara', 41, 'active'),
(5648, 'Panihati', 41, 'active'),
(5649, 'Panuhat', 41, 'active'),
(5650, 'Par Beliya', 41, 'active'),
(5651, 'Parashkol', 41, 'active'),
(5652, 'Parasia', 41, 'active'),
(5653, 'Parbbatipur', 41, 'active'),
(5654, 'Parui', 41, 'active'),
(5655, 'Paschim Jitpur', 41, 'active'),
(5656, 'Paschim Punro Para', 41, 'active'),
(5657, 'Patrasaer', 41, 'active'),
(5658, 'Pattabong Tea Garden', 41, 'active'),
(5659, 'Patuli', 41, 'active'),
(5660, 'Patulia', 41, 'active'),
(5661, 'Phulia', 41, 'active'),
(5662, 'Podara', 41, 'active'),
(5663, 'Port Blair', 41, 'active'),
(5664, 'Prayagpur', 41, 'active'),
(5665, 'Pujali', 41, 'active'),
(5666, 'Purba Medinipur', 41, 'active'),
(5667, 'Purba Tajpur', 41, 'active'),
(5668, 'Purulia', 41, 'active'),
(5669, 'Raghudebbati', 41, 'active'),
(5670, 'Raghudebpur', 41, 'active'),
(5671, 'Raghunathchak', 41, 'active'),
(5672, 'Raghunathpur', 41, 'active'),
(5673, 'Raghunathpur-Dankuni', 41, 'active'),
(5674, 'Raghunathpur-Magra', 41, 'active'),
(5675, 'Raigachhi', 41, 'active'),
(5676, 'Raiganj', 41, 'active'),
(5677, 'Raipur', 41, 'active'),
(5678, 'Rajarhat Gopalpur', 41, 'active'),
(5679, 'Rajpur', 41, 'active'),
(5680, 'Ramchandrapur', 41, 'active'),
(5681, 'Ramjibanpur', 41, 'active'),
(5682, 'Ramnagar', 41, 'active'),
(5683, 'Rampur Hat', 41, 'active'),
(5684, 'Ranaghat', 41, 'active'),
(5685, 'Raniganj', 41, 'active'),
(5686, 'Ratibati', 41, 'active'),
(5687, 'Raypur', 41, 'active'),
(5688, 'Rishra', 41, 'active'),
(5689, 'Rishra Cantonment', 41, 'active'),
(5690, 'Ruiya', 41, 'active'),
(5691, 'Sahajadpur', 41, 'active'),
(5692, 'Sahapur', 41, 'active'),
(5693, 'Sainthia', 41, 'active'),
(5694, 'Salap', 41, 'active'),
(5695, 'Sankarpur', 41, 'active'),
(5696, 'Sankrail', 41, 'active'),
(5697, 'Santoshpur', 41, 'active'),
(5698, 'Saontaidih', 41, 'active'),
(5699, 'Sarenga', 41, 'active'),
(5700, 'Sarpi', 41, 'active'),
(5701, 'Satigachha', 41, 'active'),
(5702, 'Serpur', 41, 'active'),
(5703, 'Shankhanagar', 41, 'active'),
(5704, 'Shantipur', 41, 'active'),
(5705, 'Shrirampur', 41, 'active'),
(5706, 'Siduli', 41, 'active'),
(5707, 'Siliguri', 41, 'active'),
(5708, 'Simla', 41, 'active'),
(5709, 'Singur', 41, 'active'),
(5710, 'Sirsha', 41, 'active'),
(5711, 'Siuri', 41, 'active'),
(5712, 'Sobhaganj', 41, 'active'),
(5713, 'Sodpur', 41, 'active'),
(5714, 'Sonamukhi', 41, 'active'),
(5715, 'Sonatikiri', 41, 'active'),
(5716, 'Srikantabati', 41, 'active'),
(5717, 'Srirampur', 41, 'active'),
(5718, 'Sukdal', 41, 'active'),
(5719, 'Taherpur', 41, 'active'),
(5720, 'Taki', 41, 'active'),
(5721, 'Talbandha', 41, 'active'),
(5722, 'Tamluk', 41, 'active'),
(5723, 'Tarakeswar', 41, 'active'),
(5724, 'Tentulberia', 41, 'active'),
(5725, 'Tentulkuli', 41, 'active'),
(5726, 'Thermal Power Project', 41, 'active'),
(5727, 'Tinsukia', 41, 'active'),
(5728, 'Titagarh', 41, 'active'),
(5729, 'Tufanganj', 41, 'active'),
(5730, 'Ukhra', 41, 'active'),
(5731, 'Ula', 41, 'active'),
(5732, 'Ulubaria', 41, 'active'),
(5733, 'Uttar Durgapur', 41, 'active'),
(5734, 'Uttar Goara', 41, 'active'),
(5735, 'Uttar Kalas', 41, 'active'),
(5736, 'Uttar Kamakhyaguri', 41, 'active'),
(5737, 'Uttar Latabari', 41, 'active'),
(5738, 'Uttar Mahammadpur', 41, 'active'),
(5739, 'Uttar Pirpur', 41, 'active'),
(5740, 'Uttar Raypur', 41, 'active'),
(5741, 'Uttarpara-Kotrung', 41, 'active');

-- --------------------------------------------------------

--
-- Table structure for table `tbl_class`
--

CREATE TABLE `tbl_class` (
  `id` int(11) NOT NULL,
  `name` varchar(30) NOT NULL,
  `datetime` datetime NOT NULL,
  `addedon` varchar(30) NOT NULL,
  `status` varchar(20) NOT NULL DEFAULT 'active'
) ENGINE=InnoDB DEFAULT CHARSET=latin1;

--
-- Dumping data for table `tbl_class`
--

INSERT INTO `tbl_class` (`id`, `name`, `datetime`, `addedon`, `status`) VALUES
(1, 'LKG', '2021-10-03 12:33:13', '1633244593', 'active'),
(2, 'UKG', '2021-10-03 12:33:46', '1633244626', 'active'),
(12, 'Class 2nd', '2021-10-07 23:42:33', '1633630353', 'active'),
(13, 'Class 3rd', '2021-10-07 23:42:36', '1633630356', 'active'),
(14, 'Class 4th', '2021-10-07 23:42:40', '1633630360', 'active'),
(15, 'Class 5th', '2021-10-07 23:42:44', '1633630364', 'active'),
(16, 'Class 6th', '2021-10-07 23:42:50', '1633630370', 'active'),
(17, 'Class 7th', '2021-10-07 23:42:53', '1633630373', 'active'),
(18, 'Class 8th', '2021-10-07 23:42:55', '1633630375', 'active'),
(19, 'Class 9th', '2021-10-07 23:43:00', '1633630380', 'active'),
(20, 'Class 10th', '2021-10-07 23:43:04', '1633630384', 'active'),
(21, 'Class 11th', '2021-10-07 23:43:08', '1633630388', 'active'),
(22, 'Class 12th', '2021-10-07 23:43:11', '1633630391', 'active'),
(23, 'class 13st', '2021-10-11 11:05:07', '1633930507', 'active'),
(25, 'class 14th', '2021-10-19 13:27:57', '1634630277', 'active');

-- --------------------------------------------------------

--
-- Table structure for table `tbl_class_assign`
--

CREATE TABLE `tbl_class_assign` (
  `id` int(11) NOT NULL,
  `school_id` int(11) NOT NULL,
  `teacher_id` int(11) NOT NULL,
  `class_id` int(11) NOT NULL,
  `section_id` int(11) NOT NULL,
  `subject_id` int(11) NOT NULL,
  `datetime` datetime NOT NULL,
  `addedon` varchar(30) NOT NULL,
  `status` varchar(20) NOT NULL DEFAULT 'active'
) ENGINE=InnoDB DEFAULT CHARSET=latin1;

--
-- Dumping data for table `tbl_class_assign`
--

INSERT INTO `tbl_class_assign` (`id`, `school_id`, `teacher_id`, `class_id`, `section_id`, `subject_id`, `datetime`, `addedon`, `status`) VALUES
(13, 12, 23, 1, 1, 3, '2021-11-22 12:44:30', '1637565270', 'active'),
(14, 12, 23, 1, 11, 2, '2021-11-22 12:50:52', '1637565652', 'active'),
(15, 12, 33, 12, 11, 2, '2021-11-22 14:29:58', '1637571598', 'active'),
(16, 12, 24, 13, 11, 3, '2021-11-22 14:30:10', '1637571610', 'active'),
(18, 12, 19, 12, 1, 9, '2021-12-09 22:08:32', '1639067912', 'active'),
(19, 12, 18, 1, 1, 2, '2022-04-18 11:50:27', '1650262827', 'active'),
(20, 12, 26, 12, 2, 2, '2022-04-18 11:51:36', '1650262896', 'active'),
(21, 21, 39, 20, 1, 2, '2022-05-06 12:37:49', '1651820869', 'active'),
(22, 21, 40, 20, 1, 7, '2022-05-06 12:38:23', '1651820903', 'active'),
(24, 21, 40, 20, 1, 6, '2022-05-06 12:40:38', '1651821038', 'active'),
(25, 21, 41, 20, 1, 9, '2022-05-06 12:41:01', '1651821061', 'active'),
(26, 21, 43, 20, 1, 13, '2022-05-06 12:41:18', '1651821078', 'active'),
(27, 21, 42, 20, 1, 12, '2022-05-06 12:41:32', '1651821092', 'active'),
(28, 21, 39, 20, 1, 1, '2022-05-06 12:41:54', '1651821114', 'active');

-- --------------------------------------------------------

--
-- Table structure for table `tbl_period`
--

CREATE TABLE `tbl_period` (
  `id` int(11) NOT NULL,
  `school_id` int(11) NOT NULL,
  `name` varchar(30) NOT NULL,
  `start_time` varchar(30) NOT NULL,
  `end_time` varchar(30) NOT NULL,
  `datetime` datetime NOT NULL,
  `sort_order` int(11) NOT NULL DEFAULT 1,
  `addedon` varchar(30) NOT NULL,
  `status` varchar(20) NOT NULL DEFAULT 'active'
) ENGINE=InnoDB DEFAULT CHARSET=latin1;

--
-- Dumping data for table `tbl_period`
--

INSERT INTO `tbl_period` (`id`, `school_id`, `name`, `start_time`, `end_time`, `datetime`, `sort_order`, `addedon`, `status`) VALUES
(1, 2, 'Period 1', '9:00 AM', '9:40 AM', '2021-10-07 00:18:40', 1, '1633546120', 'active'),
(2, 2, 'Period 2', '9:40 AM', '10:20 AM', '2021-10-07 00:20:05', 2, '1633546205', 'active'),
(3, 2, 'Period 3', '10:20 AM', '11:00 AM', '2021-10-07 21:31:16', 3, '1633622476', 'active'),
(4, 2, 'Period 4', '11:00 AM', '11:40 AM', '2021-10-07 21:54:58', 4, '1633623898', 'active'),
(5, 2, 'Period 5', '11:40 PM', '12:20 PM', '2021-10-07 21:56:29', 5, '1633623989', 'active'),
(6, 2, 'Lunch', '12:20 PM', '1:00 PM', '2021-10-07 22:02:09', 8, '1633624329', 'active'),
(7, 2, 'Period 6', '1:00 PM', '1:40 PM', '2021-10-07 22:03:59', 7, '1633624439', 'active'),
(8, 2, 'Period 7', '1:40 PM', '2:20 PM', '2021-10-07 22:04:20', 8, '1633624460', 'active'),
(9, 2, 'Period 8', '2:20 PM', '3:00 PM', '2021-10-07 22:05:11', 9, '1633624511', 'active'),
(10, 2, 'maths', '11:23 AM', '12:22 PM', '2021-10-11 11:19:54', 2, '1633931394', 'active'),
(11, 2, 'PT', '12:10 PM', '8:55 AM', '2021-10-11 12:16:18', 9, '1633934778', 'active'),
(12, 8, 'maths', '2:00 PM', '2:01 PM', '2021-10-19 14:00:44', 6, '1634632244', 'active'),
(13, 8, 'Maths', '9:30 AM', '10:30 AM', '2021-10-20 14:36:42', 6, '1634720802', 'active'),
(14, 9, 'mONDAY', '9:00 PM', '10:00 PM', '2021-10-20 17:28:33', 1, '1634731113', 'active'),
(15, 9, 'mONDAY', '10:00 PM', '11:00 PM', '2021-10-20 17:28:57', 2, '1634731137', 'active'),
(16, 12, 'First', '11:41 PM', '4:41 PM', '2021-11-22 12:42:10', 1, '1637565130', 'active'),
(17, 12, 'pt', '12:51 PM', '2:51 PM', '2021-11-22 12:51:52', 1, '1637565712', 'active'),
(18, 12, 'English', '2:25 PM', '2:30 PM', '2021-11-22 14:25:57', 9, '1637571357', 'active'),
(19, 12, 'Tamil', '7:26 PM', '7:21 PM', '2021-11-22 14:26:20', 1, '1637571380', 'active'),
(20, 12, 'Social science', '11:30 PM', '12:21 AM', '2021-11-22 14:26:58', 5, '1637571418', 'active'),
(21, 12, 'Lunch', '8:27 AM', '9:30 AM', '2021-11-22 14:27:52', 2, '1637571472', 'active'),
(22, 12, 'science', '3:27 PM', '11:30 AM', '2021-11-22 14:28:17', 3, '1637571497', 'active'),
(23, 12, 'maths', '6:28 PM', '6:29 PM', '2021-11-22 14:28:52', 8, '1637571532', 'active'),
(25, 12, 'Tamil', '10:46 PM', '11:46 PM', '2022-03-30 22:46:05', 1, '1648660565', 'active');

-- --------------------------------------------------------

--
-- Table structure for table `tbl_post`
--

CREATE TABLE `tbl_post` (
  `id` bigint(20) NOT NULL,
  `school_id` int(11) NOT NULL,
  `author_id` int(11) NOT NULL,
  `author_type` varchar(30) NOT NULL,
  `title` varchar(255) NOT NULL,
  `image` text NOT NULL,
  `description` text NOT NULL,
  `allow_like` varchar(10) DEFAULT NULL,
  `allow_comment` varchar(10) DEFAULT NULL,
  `datetime` datetime NOT NULL,
  `addedon` varchar(30) NOT NULL,
  `updatedon` datetime NOT NULL,
  `status` varchar(20) NOT NULL DEFAULT 'active'
) ENGINE=InnoDB DEFAULT CHARSET=latin1;

--
-- Dumping data for table `tbl_post`
--

INSERT INTO `tbl_post` (`id`, `school_id`, `author_id`, `author_type`, `title`, `image`, `description`, `allow_like`, `allow_comment`, `datetime`, `addedon`, `updatedon`, `status`) VALUES
(58, 12, 12, 'school', 'second post', '1636210122.jpg', 'Happy diwali', NULL, NULL, '2021-11-06 20:18:42', '1636210122', '0000-00-00 00:00:00', 'active'),
(59, 12, 18, 'teacher', 'third post', '1636210564.jpg', '                                                            here is my thirdd post                                                        ', 'Yes', 'Yes', '2021-11-06 20:26:04', '1636210564', '0000-00-00 00:00:00', 'active'),
(61, 12, 12, 'school', 'fourth', '1636211553.jpg', 'sample description', NULL, NULL, '2021-11-06 20:42:33', '1636211553', '0000-00-00 00:00:00', 'active'),
(62, 12, 18, 'teacher', 'my little post', '1636218507.jpg', '                                                            desc here                                                        ', 'No', 'No', '2021-11-06 22:38:27', '1636218507', '0000-00-00 00:00:00', 'requested'),
(65, 12, 12, 'school', 'hhhh', '1636716776.jpg', 'hhjjj', 'No', 'No', '2021-11-12 17:02:56', '1636716776', '0000-00-00 00:00:00', 'active'),
(66, 12, 12, 'school', 'Happy New Year Post', '1637775219kelly-sikkema-htDhtz2GqAc-unsplash.jpg', 'Happy New Year&amp;nbsp;Happy New Year', 'Yes', 'No', '2021-11-24 23:03:39', '1637775219', '0000-00-00 00:00:00', 'active'),
(67, 3, 3, 'school', 'school 3 post title', '1637864297.jpg', 'school 3 post description with latest content', 'Yes', 'No', '2021-11-25 23:48:17', '1637864297', '0000-00-00 00:00:00', 'active'),
(68, 15, 15, 'school', 'ycyc', '1638171348.jpg', 'ycyc', '', '', '2021-11-29 13:05:48', '1638171348', '0000-00-00 00:00:00', 'active'),
(72, 12, 18, 'teacher', 'Winter holiday', '1639115424.jpg', 'This is to inform you guys about Christmas holiday', '', '', '2021-12-10 11:20:24', '1639115424', '0000-00-00 00:00:00', 'active'),
(73, 12, 18, 'teacher', 'hi gowtham', '16391199762021-11-30 at 15-59-54.png', '                                                                                                                                                                                    hi                                                                                                                                                                        ', 'No', 'No', '2021-12-10 12:36:16', '1639119976', '0000-00-00 00:00:00', 'active'),
(82, 12, 18, 'teacher', 'hi', '', '                                                                                                                    ', 'Yes', 'Yes', '2022-03-01 13:06:02', '1646120162', '0000-00-00 00:00:00', 'active'),
(83, 12, 18, 'teacher', 'hii', '1646222750Screenshot (2).png', 'hi', 'Yes', 'Yes', '2022-03-02 17:35:50', '1646222750', '0000-00-00 00:00:00', 'active'),
(84, 12, 18, 'teacher', 'ht', '1647333726iPhone 12 Pro Max  1.png', '                                                                                                                    ', 'No', 'No', '2022-03-15 14:12:06', '1647333726', '0000-00-00 00:00:00', 'active'),
(85, 12, 18, 'teacher', 'hdhdh', '1647755343.jpg', 'eururh', '', '', '2022-03-20 11:19:03', '1647755343', '0000-00-00 00:00:00', 'requested'),
(87, 12, 18, 'teacher', '6r5etete', '../teacher/uploads/posts/1647755490.jpg', '                                                            rwetteteet                                                        ', 'Yes', 'Yes', '2022-03-20 11:21:30', '1647755490', '0000-00-00 00:00:00', 'inactive'),
(88, 12, 18, 'teacher', 'new', '1648913650.jpg', 'sample', '', '', '2022-04-02 21:04:10', '1648913650', '0000-00-00 00:00:00', 'requested'),
(89, 12, 18, 'teacher', 'gt', '1648913769.jpg', 'vbgh', '', '', '2022-04-02 21:06:09', '1648913769', '0000-00-00 00:00:00', 'active'),
(90, 12, 18, 'teacher', 'hydhd', '1648913822.jpg', 'hxydye', '', '', '2022-04-02 21:07:02', '1648913822', '0000-00-00 00:00:00', 'requested'),
(91, 12, 12, 'school', 'school 12 post title', '', 'school 12 post description with latest content', 'Yes', 'Yes', '1970-01-01 05:30:00', '', '0000-00-00 00:00:00', 'active'),
(92, 12, 18, 'teacher', 'hi test post without image', '', 'hi test desc without image', '', '', '1970-01-01 05:30:00', '', '0000-00-00 00:00:00', 'active'),
(93, 12, 18, 'teacher', 'u3ueu', '', '4uurhrh', '', '', '1970-01-01 05:30:00', '', '0000-00-00 00:00:00', 'requested'),
(94, 12, 18, 'teacher', 'ufu', '1649589532.jpg', 'ruru', '', '', '2022-04-10 16:48:52', '1649589532', '0000-00-00 00:00:00', 'requested'),
(97, 12, 12, 'school', 'f', '1650278650Screenshot (19).png', 'fxg', 'No', 'No', '2022-04-18 16:14:10', '1650278650', '0000-00-00 00:00:00', 'active'),
(100, 12, 18, 'teacher', 'ff', '', 'ggg', '', '', '1970-01-01 05:30:00', '', '0000-00-00 00:00:00', 'requested'),
(102, 12, 18, 'teacher', 'abcd', '', 'abcd', '', '', '1970-01-01 05:30:00', '', '0000-00-00 00:00:00', 'active'),
(104, 21, 21, 'school', 'New year', '1651822765happy-new-year.jpeg', '                                                                                                                    ', 'Yes', 'Yes', '2022-05-06 13:09:25', '1651822765', '0000-00-00 00:00:00', 'active'),
(105, 21, 21, 'school', 'Happy World Book day', '', '                                                                                                                    ', 'No', 'Yes', '2022-05-06 13:10:18', '1651822818', '0000-00-00 00:00:00', 'active'),
(106, 21, 21, 'school', 'Student ', '', 'G mor&amp;nbsp;', 'Yes', 'No', '2022-05-06 13:11:37', '1651822897', '0000-00-00 00:00:00', 'active'),
(107, 21, 21, 'school', 'Hello', '1651822946windows_hello_hero_2.webp', 'hello', 'No', 'No', '2022-05-06 13:12:26', '1651822946', '0000-00-00 00:00:00', 'active'),
(108, 21, 39, 'teacher', 'HI I am karuppusamy ', '1651822968Screenshot (16).png', 'Hey!', 'No', 'No', '2022-05-06 13:12:48', '1651822968', '0000-00-00 00:00:00', 'active'),
(109, 21, 39, 'teacher', 'Hello', '1651823052Screenshot (15).png', 'Hey ! Hello&amp;nbsp;', 'No', 'No', '2022-05-06 13:14:12', '1651823052', '0000-00-00 00:00:00', 'inactive'),
(110, 21, 43, 'teacher', 'hi', '', 'HI I AM ASHWIN', 'Yes', 'Yes', '2022-05-06 13:16:49', '1651823209', '0000-00-00 00:00:00', 'requested'),
(111, 21, 43, 'teacher', 'HEY !', '1651823288bg.png', 'Hey!&amp;nbsp;', 'No', 'Yes', '2022-05-06 13:18:10', '1651823290', '0000-00-00 00:00:00', 'requested'),
(112, 12, 18, 'teacher', 'hii', '', 'hii', '', '', '1970-01-01 05:30:00', '', '0000-00-00 00:00:00', 'requested'),
(113, 12, 18, 'teacher', 'ji', '', '                                                                                                                    ', 'Yes', 'Yes', '2022-05-08 13:02:35', '1651995155', '0000-00-00 00:00:00', 'requested'),
(114, 12, 18, 'teacher', 'ji', '', '                                                                                                                    ', 'No', 'No', '2022-05-08 13:29:17', '1651996757', '0000-00-00 00:00:00', 'requested'),
(115, 12, 12, 'school', 'dff', '', 'rfggh', '', '', '1970-01-01 05:30:00', '', '0000-00-00 00:00:00', 'requested'),
(116, 12, 12, 'school', 'text', '1653723295Screenshot (37).png', '                                                                                                                    ', 'No', 'No', '2022-05-28 13:04:55', '1653723295', '0000-00-00 00:00:00', 'active'),
(117, 12, 18, 'teacher', '6fyc6f', '../teacher/uploads/posts/../teacher/uploads/posts/../teacher/uploads/posts/../teacher/uploads/posts/../teacher/uploads/posts/../teacher/uploads/posts/../teacher/uploads/posts/../teacher/uploads/posts/../teacher/uploads/posts/../teacher/uploads/posts/../teacher/uploads/posts/../teacher/uploads/posts/../teacher/uploads/posts/../teacher/uploads/posts/../teacher/uploads/posts/../teacher/uploads/posts/../teacher/uploads/posts/../teacher/uploads/posts/../teacher/uploads/posts/../teacher/uploads/posts/../teacher/uploads/posts/../teacher/uploads/posts/../teacher/uploads/posts/../teacher/uploads/posts/../teacher/uploads/posts/../teacher/uploads/posts/../teacher/uploads/posts/../teacher/uploads/posts/../teacher/uploads/posts/../teacher/uploads/posts/../teacher/uploads/posts/../teacher/uploads/posts/../teacher/uploads/posts/../teacher/uploads/posts/../teacher/uploads/posts/../teacher/uploads/posts/../teacher/uploads/posts/../teacher/uploads/posts/../teacher/uploads/posts/../teacher/uploads/posts/../teacher/uploads/posts/../teacher/uploads/posts/../teacher/uploads/posts/../teacher/uploads/posts/../teacher/uploads/posts/../teacher/uploads/posts/../teacher/uploads/posts/../teacher/uploads/posts/../teacher/uploads/posts/../teacher/uploads/posts/../teacher/uploads/posts/1653822220.jpg', '                                                                                                                                                                                                                                                                                                                                                                                                                                                                                                                                                                                                                                                                                                                                                                                                                                                                                                                                                                                                                                                                                                                                                                                                                                                                                                                                                                        tctctc                                                                                                                                                                                                                                                                                                                                                                                                                                                                                                                                                                                                                                                                                                                                                                                                                                                                                                                                                                                                                                                                                                                                                                                                                                                                                ', 'Yes', 'Yes', '2022-05-29 16:33:40', '1653822220', '0000-00-00 00:00:00', 'active'),
(118, 12, 18, 'teacher', 'yy', '', 'hhh', '', '', '1970-01-01 05:30:00', '', '0000-00-00 00:00:00', 'requested'),
(119, 12, 18, 'teacher', 'hvhv', '', 'hvuv', '', '', '1970-01-01 05:30:00', '', '0000-00-00 00:00:00', 'requested'),
(120, 0, 0, '', 'title', '', 'description', '', '', '1970-01-01 05:30:00', '', '1970-01-01 05:30:00', ''),
(121, 12, 12, 'school', 'efcr', '', '                                                                                                                    ', 'Yes', 'Yes', '2022-05-31 12:37:27', '1653980847', '0000-00-00 00:00:00', 'active'),
(122, 12, 12, 'school', 'sdef', '1653980905hotel-supplier.png', '                                                                                                                    ', 'Yes', 'Yes', '2022-05-31 12:38:25', '1653980905', '0000-00-00 00:00:00', 'active'),
(123, 12, 12, 'school', 'cd', '1653980979options-lines.png', '                                                                                                                    ', 'Yes', 'Yes', '2022-05-31 12:39:39', '1653980979', '0000-00-00 00:00:00', 'active'),
(124, 12, 12, 'school', 'hii', '1653998633delete-user (2).png', '                                                                                                                    ', 'Yes', 'Yes', '2022-05-31 17:33:53', '1653998633', '0000-00-00 00:00:00', 'active'),
(125, 12, 12, 'school', 'hi', '', '                                                                                                                    ', 'Yes', 'Yes', '2022-06-03 14:57:28', '1654248448', '0000-00-00 00:00:00', 'active'),
(126, 12, 36, 'student', 'hola', '', 'null', '', '', '1970-01-01 05:30:00', '', '0000-00-00 00:00:00', 'requested'),
(127, 12, 12, 'school', 'hey there', '', 'abcd', '', '', '1970-01-01 05:30:00', '', '0000-00-00 00:00:00', 'requested');

-- --------------------------------------------------------

--
-- Table structure for table `tbl_post_comment`
--

CREATE TABLE `tbl_post_comment` (
  `post_comment_id` bigint(20) NOT NULL,
  `post_id` int(11) NOT NULL,
  `user_type` varchar(20) COLLATE utf8mb4_unicode_ci NOT NULL,
  `user_id` int(11) NOT NULL,
  `comment` text COLLATE utf8mb4_unicode_ci NOT NULL,
  `datetime` datetime NOT NULL,
  `addedon` varchar(30) COLLATE utf8mb4_unicode_ci NOT NULL,
  `status` varchar(20) COLLATE utf8mb4_unicode_ci NOT NULL DEFAULT 'active'
) ENGINE=InnoDB DEFAULT CHARSET=utf8mb4 COLLATE=utf8mb4_unicode_ci;

--
-- Dumping data for table `tbl_post_comment`
--

INSERT INTO `tbl_post_comment` (`post_comment_id`, `post_id`, `user_type`, `user_id`, `comment`, `datetime`, `addedon`, `status`) VALUES
(53, 59, 'teacher', 12, 'hekko', '2021-11-06 20:40:11', '1636211411', 'active'),
(54, 59, 'teacher', 12, 'hhh', '2021-11-06 20:40:13', '1636211413', 'active'),
(55, 59, 'teacher', 12, 'hhh', '2021-11-06 20:40:15', '1636211415', 'active'),
(56, 59, 'teacher', 12, 'hhh', '2021-11-06 20:40:16', '1636211416', 'active'),
(57, 61, 'school', 18, 'hhhe', '2021-11-06 20:43:01', '1636211581', 'active'),
(59, 58, 'school', 18, 'happy diwali', '2021-11-06 22:36:54', '1636218414', 'active'),
(61, 62, 'teacher', 36, 'yyyyyyy', '2021-11-12 15:00:48', '1636709448', 'active'),
(62, 59, 'teacher', 12, 'hi', '2021-11-12 15:00:49', '1636709449', 'active'),
(64, 58, 'school', 12, 'hi', '2021-11-12 15:02:01', '1636709521', 'active'),
(66, 59, 'teacher', 36, 'hhhgg', '2021-11-12 15:03:13', '1636709593', 'active'),
(70, 62, 'teacher', 36, 'hhh', '2021-11-12 15:54:59', '1636712699', 'active'),
(71, 62, 'teacher', 36, 'jjjjjjk', '2021-11-12 15:55:18', '1636712718', 'active'),
(72, 61, 'school', 18, 'hhfhh', '2021-11-12 15:57:46', '1636712866', 'active'),
(73, 62, 'teacher', 12, 'hhhh', '2021-11-12 17:12:11', '1636717331', 'active'),
(74, 65, 'school', 35, 'hhjkkj', '2021-11-18 11:07:08', '1637213828', 'active'),
(75, 62, 'teacher', 18, 'here is teacher 1 comment', '2021-11-22 00:18:52', '1637520532', 'active'),
(76, 59, 'teacher', 18, 'My cmnt', '2021-11-22 09:00:52', '1637551852', 'active'),
(77, 59, 'teacher', 18, 'My cmnt 2', '2021-11-22 09:01:10', '1637551870', 'active'),
(78, 61, 'school_admin', 12, 'here is school 1 comment', '2021-11-22 23:29:57', '1637603997', 'active'),
(79, 61, 'school_admin', 12, 'my comment', '2021-11-22 23:30:58', '1637604058', 'active'),
(80, 61, 'school_admin', 12, 'comment test', '2021-11-22 23:32:54', '1637604174', 'active'),
(82, 62, 'student', 36, 'hey', '2021-11-22 23:42:38', '1637604758', 'active'),
(83, 65, 'student', 36, 'byee', '2021-11-22 23:42:44', '1637604764', 'active'),
(84, 66, 'school', 18, 'hi', '2021-11-29 10:53:43', '1638163423', 'active'),
(85, 66, 'school', 18, 'nicw', '2021-11-29 12:28:37', '1638169117', 'active'),
(87, 73, 'teacher', 35, 'hi', '2021-12-10 12:38:12', '1639120092', 'active'),
(88, 73, 'teacher', 35, 'hi', '2021-12-10 12:38:52', '1639120132', 'active'),
(90, 73, 'teacher', 18, '==', '2021-12-13 17:06:50', '1639395410', 'active'),
(91, 62, 'teacher', 18, 'hai', '2022-01-10 13:00:57', '1641799857', 'active'),
(92, 73, 'teacher', 18, 'hi', '2022-01-11 14:44:57', '1641892497', 'active'),
(93, 73, 'teacher', 18, 'hi', '2022-01-11 14:45:38', '1641892538', 'active'),
(94, 73, 'teacher', 18, 'hi', '2022-01-11 14:46:49', '1641892609', 'active'),
(95, 59, 'teacher', 18, 'hkkk', '2022-01-11 14:47:44', '1641892664', 'active'),
(96, 73, 'teacher', 18, 'hhvhh', '2022-01-11 14:47:56', '1641892676', 'active'),
(98, 73, 'teacher', 18, 'hvh', '2022-03-15 14:09:29', '1647333569', 'active'),
(99, 84, 'teacher', 18, 'hi', '2022-03-15 14:14:38', '1647333878', 'active'),
(101, 97, 'school', 18, 'rr', '2022-04-18 16:14:50', '1650278690', 'active'),
(106, 73, 'teacher', 12, 'dfghjoo', '2022-05-15 19:41:44', '1652623904', 'active'),
(107, 97, 'school', 18, 'sgsg', '2022-05-16 12:21:05', '1652683865', 'active'),
(108, 97, 'school', 18, 'vxf', '2022-05-25 11:18:52', '1653457732', 'active'),
(109, 125, 'school', 18, 'hola', '2022-06-17 13:05:55', '1655451355', 'active');

-- --------------------------------------------------------

--
-- Table structure for table `tbl_post_like`
--

CREATE TABLE `tbl_post_like` (
  `post_like_id` bigint(20) NOT NULL,
  `post_id` int(11) NOT NULL,
  `user_type` varchar(30) COLLATE utf8mb4_unicode_ci NOT NULL,
  `user_id` int(11) NOT NULL,
  `datetime` datetime NOT NULL,
  `addedon` varchar(30) COLLATE utf8mb4_unicode_ci NOT NULL,
  `status` varchar(10) COLLATE utf8mb4_unicode_ci NOT NULL DEFAULT 'active'
) ENGINE=InnoDB DEFAULT CHARSET=utf8mb4 COLLATE=utf8mb4_unicode_ci;

--
-- Dumping data for table `tbl_post_like`
--

INSERT INTO `tbl_post_like` (`post_like_id`, `post_id`, `user_type`, `user_id`, `datetime`, `addedon`, `status`) VALUES
(82, 61, 'student', 36, '2021-11-12 15:00:26', '1636709426', 'active'),
(101, 65, 'student', 35, '2021-11-18 11:07:02', '1637213822', 'active'),
(102, 61, 'student', 35, '2021-11-18 11:10:37', '1637214037', 'active'),
(103, 59, 'student', 35, '2021-11-18 11:10:39', '1637214039', 'active'),
(105, 65, 'school', 12, '2021-11-20 21:40:39', '1637424639', 'active'),
(109, 61, 'school_admin', 12, '2021-11-22 23:29:42', '1637603982', 'active'),
(110, 65, 'student', 36, '2021-11-22 23:42:30', '1637604750', 'active'),
(111, 62, 'student', 36, '2021-11-22 23:42:34', '1637604754', 'active'),
(114, 66, 'student', 35, '2021-11-24 23:27:26', '1637776646', 'active'),
(120, 58, 'teacher', 18, '2021-11-29 12:29:33', '1638169173', 'active'),
(141, 73, 'student', 35, '2021-12-10 12:38:42', '1639120122', 'active'),
(143, 65, 'teacher', 18, '2021-12-11 10:27:24', '1639198644', 'active'),
(169, 62, 'teacher', 18, '2022-01-11 13:18:35', '1641887315', 'active'),
(188, 78, 'teacher', 18, '2022-01-14 00:16:16', '1642099576', 'active'),
(190, 58, 'school', 12, '2022-03-02 17:56:14', '1646223974', 'active'),
(191, 59, 'school', 12, '2022-03-02 17:56:15', '1646223975', 'active'),
(192, 73, 'teacher', 18, '2022-03-14 22:19:07', '1647276547', 'active'),
(206, 72, 'teacher', 18, '2022-04-10 10:05:15', '1649565315', 'active'),
(207, 59, 'teacher', 18, '2022-04-10 10:05:24', '1649565324', 'active'),
(208, 97, 'teacher', 18, '2022-04-18 16:15:05', '1650278705', 'active'),
(212, 66, 'teacher', 18, '2022-04-25 20:45:42', '1650899742', 'active'),
(213, 104, 'student', 43, '2022-05-06 13:10:26', '1651822826', 'active'),
(233, 72, 'school', 12, '2022-05-08 12:14:38', '1651992278', 'active'),
(239, 83, 'school', 12, '2022-06-17 12:44:18', '1655450058', 'active'),
(241, 125, 'teacher', 18, '2022-06-17 13:05:46', '1655451346', 'active');

-- --------------------------------------------------------

--
-- Table structure for table `tbl_saved_post`
--

CREATE TABLE `tbl_saved_post` (
  `save_post_id` bigint(20) NOT NULL,
  `post_id` bigint(20) NOT NULL,
  `user_type` varchar(30) NOT NULL,
  `user_id` int(11) NOT NULL,
  `datetime` datetime NOT NULL,
  `addedon` varchar(30) NOT NULL,
  `status` varchar(20) NOT NULL DEFAULT 'active'
) ENGINE=InnoDB DEFAULT CHARSET=latin1;

--
-- Dumping data for table `tbl_saved_post`
--

INSERT INTO `tbl_saved_post` (`save_post_id`, `post_id`, `user_type`, `user_id`, `datetime`, `addedon`, `status`) VALUES
(49, 60, 'school', 12, '2021-11-06 20:38:47', '1636211327', 'active'),
(113, 62, 'student', 35, '2021-11-29 22:36:45', '1638205605', 'active'),
(147, 78, 'teacher', 18, '2022-01-14 00:16:17', '1642099577', 'active'),
(148, 77, 'teacher', 18, '2022-01-14 00:17:07', '1642099627', 'active'),
(154, 81, 'teacher', 18, '2022-03-14 22:57:10', '1647278830', 'active'),
(164, 103, 'teacher', 18, '2022-05-07 18:35:16', '1651928716', 'active'),
(173, 125, 'student', 36, '2022-06-17 12:40:50', '1655449850', 'active'),
(174, 124, 'school', 12, '2022-06-17 12:43:11', '1655449991', 'active'),
(176, 125, 'teacher', 18, '2022-06-17 13:08:12', '1655451492', 'active');

-- --------------------------------------------------------

--
-- Table structure for table `tbl_school`
--

CREATE TABLE `tbl_school` (
  `id` int(11) NOT NULL,
  `user_type` varchar(20) NOT NULL DEFAULT 'school',
  `school_id` varchar(30) DEFAULT NULL,
  `name` varchar(70) NOT NULL,
  `email` varchar(30) NOT NULL,
  `password` varchar(100) NOT NULL,
  `mobile_no` varchar(30) DEFAULT NULL,
  `telephone_no` varchar(30) DEFAULT NULL,
  `address` text NOT NULL,
  `state_id` int(11) DEFAULT NULL,
  `city_id` int(11) DEFAULT NULL,
  `zipcode` int(11) DEFAULT NULL,
  `principal_name` varchar(30) NOT NULL,
  `school_found` varchar(10) NOT NULL,
  `datetime` datetime NOT NULL,
  `addedon` varchar(20) NOT NULL,
  `status` varchar(30) NOT NULL DEFAULT 'active'
) ENGINE=InnoDB DEFAULT CHARSET=latin1;

--
-- Dumping data for table `tbl_school`
--

INSERT INTO `tbl_school` (`id`, `user_type`, `school_id`, `name`, `email`, `password`, `mobile_no`, `telephone_no`, `address`, `state_id`, `city_id`, `zipcode`, `principal_name`, `school_found`, `datetime`, `addedon`, `status`) VALUES
(12, 'school', '112233', 'DAV Sr. Sec. School', 'school@gmail.com', '123456', '9991040675', '1020304050', 'Vijay Nagar, Delhi Road', 13, 1108, 127021, 'Saurabh Singh', '2017', '2021-11-06 11:12:19', '1636177339', 'active'),
(13, 'school', '908070', 'TITS Sr. Sec School', 'school2@gmail.com', '123456', '9991040675', '9080706050', '  Bapora, Bhiwani', 13, 1131, 127111, 'Chetan Tanwar', '2011', '2021-11-06 12:28:15', '1636181895', 'active'),
(16, 'school', 'tyyyujyg', 'ygjy', 'yjuyt', 'yfutjty', 'yhjtgy', 'ygjyg', '  yutyf', 21, 2086, 0, 'gyhjg', 'ytyt', '2021-12-03 11:16:39', '1638510399', 'active'),
(18, 'school', 'ccggvfsd', '123', 'sdg245@ghi.c', '123456', 'dsfvfrfg', 'sdvvddf', 'hbgh425gf 64', 19, 1861, 6622333, '213', 'dvbdfb', '2021-12-14 11:14:38', '1639460678', 'active'),
(19, 'school', '345', 'aha', 'rgdf@gmail.com', 'aha', '34234234', '34234234243', '7/4,MELA CHITHIRAI VEETHI', 10, 706, 620006, 'ethiraj', '21', '2022-03-02 17:45:14', '1646223314', 'active'),
(20, 'school', 'DASD', 'sgfd', 'fsddfsddf@g.com', 'sddfsddf', 'sdfadfsaasdff', 'affaddff', 'sgsfdfsfdv', 16, 1364, 0, '3243', 'ssdefsdf', '2022-04-18 11:34:17', '1650261857', 'active'),
(21, 'school', 'TS001', 'St.James Matric Hr  Sec School', 'stjames_ts001@gmail.com', 'Stjames', '9998880001', '9998880001', '001, Cantonment', 35, 4280, 620001, 'Mark', '1940', '2022-05-06 12:05:08', '1651818908', 'active');

-- --------------------------------------------------------

--
-- Table structure for table `tbl_section`
--

CREATE TABLE `tbl_section` (
  `id` int(11) NOT NULL,
  `name` varchar(30) NOT NULL,
  `datetime` datetime NOT NULL,
  `addedon` varchar(30) NOT NULL,
  `status` varchar(20) NOT NULL DEFAULT 'active'
) ENGINE=InnoDB DEFAULT CHARSET=latin1;

--
-- Dumping data for table `tbl_section`
--

INSERT INTO `tbl_section` (`id`, `name`, `datetime`, `addedon`, `status`) VALUES
(1, 'A', '2021-10-03 12:50:07', '1633245607', 'active'),
(2, 'B', '2021-10-03 12:50:09', '1633245609', 'active'),
(3, 'C', '2021-10-03 12:50:10', '1633245610', 'active'),
(4, 'D', '2021-10-03 12:50:12', '1633245612', 'active'),
(5, 'E', '2021-10-03 12:50:13', '1633245613', 'active'),
(6, 'F', '2021-10-03 12:50:14', '1633245614', 'active'),
(7, 'G', '2021-10-03 12:50:15', '1633245615', 'active'),
(8, 'H', '2021-10-03 12:50:16', '1633245616', 'active'),
(9, 'z', '2021-10-11 11:08:31', '1633930711', 'inactive'),
(10, 'k', '2021-10-16 12:27:31', '1634367451', 'active');

-- --------------------------------------------------------

--
-- Table structure for table `tbl_state`
--

CREATE TABLE `tbl_state` (
  `id` int(11) NOT NULL,
  `name` varchar(100) DEFAULT NULL,
  `status` varchar(15) NOT NULL DEFAULT 'active'
) ENGINE=InnoDB DEFAULT CHARSET=utf8mb4;

--
-- Dumping data for table `tbl_state`
--

INSERT INTO `tbl_state` (`id`, `name`, `status`) VALUES
(1, 'Andaman and Nicobar Islands', 'active'),
(2, 'Andhra Pradesh', 'active'),
(3, 'Arunachal Pradesh', 'active'),
(4, 'Assam', 'active'),
(5, 'Bihar', 'active'),
(6, 'Chandigarh', 'active'),
(7, 'Chhattisgarh', 'active'),
(8, 'Dadra and Nagar Haveli', 'active'),
(9, 'Daman and Diu', 'active'),
(10, 'Delhi', 'active'),
(11, 'Goa', 'active'),
(12, 'Gujarat', 'active'),
(13, 'Haryana', 'active'),
(14, 'Himachal Pradesh', 'active'),
(15, 'Jammu and Kashmir', 'active'),
(16, 'Jharkhand', 'active'),
(17, 'Karnataka', 'active'),
(18, 'Kenmore', 'active'),
(19, 'Kerala', 'active'),
(20, 'Lakshadweep', 'active'),
(21, 'Madhya Pradesh', 'active'),
(22, 'Maharashtra', 'active'),
(23, 'Manipur', 'active'),
(24, 'Meghalaya', 'active'),
(25, 'Mizoram', 'active'),
(26, 'Nagaland', 'active'),
(27, 'Narora', 'active'),
(28, 'Natwar', 'active'),
(29, 'Odisha', 'active'),
(30, 'Paschim Medinipur', 'active'),
(31, 'Pondicherry', 'active'),
(32, 'Punjab', 'active'),
(33, 'Rajasthan', 'active'),
(34, 'Sikkim', 'active'),
(35, 'Tamil Nadu', 'active'),
(36, 'Telangana', 'active'),
(37, 'Tripura', 'active'),
(38, 'Uttar Pradesh', 'active'),
(39, 'Uttarakhand', 'active'),
(40, 'Vaishali', 'active'),
(41, 'West Bengal', 'active');

-- --------------------------------------------------------

--
-- Table structure for table `tbl_student`
--

CREATE TABLE `tbl_student` (
  `id` int(11) NOT NULL,
  `user_type` varchar(20) NOT NULL DEFAULT 'student',
  `student_id` varchar(30) DEFAULT NULL,
  `school_id` int(11) NOT NULL,
  `class_id` int(11) NOT NULL,
  `section_id` int(11) NOT NULL,
  `name` varchar(30) NOT NULL,
  `email` varchar(30) NOT NULL,
  `password` varchar(255) NOT NULL,
  `contact` varchar(20) NOT NULL,
  `father_name` varchar(30) NOT NULL,
  `mother_name` varchar(30) NOT NULL,
  `dob` varchar(20) NOT NULL,
  `address` text NOT NULL,
  `zipcode` int(11) NOT NULL,
  `state_id` int(11) NOT NULL,
  `city_id` int(11) NOT NULL,
  `subjects` varchar(50) NOT NULL,
  `datetime` datetime NOT NULL,
  `addedon` varchar(30) NOT NULL,
  `status` varchar(20) NOT NULL DEFAULT 'active'
) ENGINE=InnoDB DEFAULT CHARSET=latin1;

--
-- Dumping data for table `tbl_student`
--

INSERT INTO `tbl_student` (`id`, `user_type`, `student_id`, `school_id`, `class_id`, `section_id`, `name`, `email`, `password`, `contact`, `father_name`, `mother_name`, `dob`, `address`, `zipcode`, `state_id`, `city_id`, `subjects`, `datetime`, `addedon`, `status`) VALUES
(31, 'student', NULL, 13, 1, 1, 'Student 1', 'student@gmail.com', '123456', '1020304070', 'Father 1', 'Mother 1', '01/11/2021', 'Address 1', 774455, 13, 1102, '[\"4\",\"9\"]', '2021-11-06 12:39:36', '1636182576', 'active'),
(32, 'student', NULL, 13, 1, 1, 'Student 2', 'student2@gmail.com', '123456', '1020504060', 'Father 2', 'Mother 2', '02/11/2021', 'Address 2', 745896, 13, 1111, '[\"4\",\"5\"]', '2021-11-06 12:40:44', '1636182644', 'active'),
(33, 'student', NULL, 13, 1, 1, 'Student 3', 'student3@gmail.com', '123456', '1040508070', 'Father 3', 'Mother 3', '03/11/2021', 'Address 3', 147414, 13, 1136, '[\"3\",\"4\"]', '2021-11-06 12:41:45', '1636182705', 'active'),
(34, 'student', NULL, 13, 1, 1, 'Student 4', 'student4@gmail.com', '123456', '3060504080', 'Father 4', 'Mother 4', '04/11/2021', 'Address 4', 125478, 13, 1131, '[\"2\",\"3\",\"5\"]', '2021-11-06 12:42:42', '1636182762', 'active'),
(35, 'student', NULL, 12, 1, 1, 'Student 5', 'student5@gmail.com', '123456', '2020101020', 'Father 5', 'Mother 5', '05/10/2021', 'Address 5', 789564, 13, 1107, '[\"3\",\"9\"]', '2021-11-06 12:44:40', '1636182880', 'active'),
(36, 'student', NULL, 12, 1, 1, 'Student 6', 'student6@gmail.com', '123456', '4050708040', 'Father 6', 'Mother 6', '06/10/2021', 'Address 6', 132423, 13, 1145, '[\"2\",\"3\",\"5\"]', '2021-11-06 12:45:45', '1636182945', 'active'),
(37, 'student', NULL, 12, 1, 1, 'Student 7', 'student7@gmail.com', '123456', '8756745356', 'Father 7', 'Mother 7', '07/10/2021', 'Address 7', 144565, 13, 1192, '[\"2\",\"3\",\"4\"]', '2021-11-06 12:47:08', '1636183028', 'active'),
(39, 'student', NULL, 15, 12, 1, 'Praveen Kumar', 'p29698175130@gmail.com', '123456', '353245', 'dgh', 'hdhg', '15/11/2021', 'asdfdsgv  sfgeqf ewf23f', 600250, 35, 3701, '[\"9\"]', '2021-11-29 12:25:06', '1638168906', 'active'),
(40, 'student', NULL, 12, 1, 1, '23453', '34525@g.com', '2435342', 'bfvnfgn', '25', '4562', '14/12/2021', 'teduk', 0, 21, 2087, '[\"3\"]', '2021-12-14 11:35:12', '1639461912', 'active'),
(41, 'student', NULL, 12, 12, 1, 'lk[ojih', 'hy@gmail.com', '123456', '4533298345', '-mio', 'mk0kj', '06/01/2022', '13,Padugai main road, Ramachandra Nagar,', 620092, 35, 3563, '[\"2\"]', '2022-01-10 13:48:39', '1641802719', 'active'),
(43, 'student', NULL, 21, 20, 1, 'AAA', 'aaa_001@gmail.com', '1234567', '9999999991', 'AAAF', 'AAAM', '06/05/2022', '01, AAAF ', 620001, 35, 4318, '[\"9\"]', '2022-05-06 12:55:49', '1651821949', 'active'),
(44, 'student', NULL, 21, 20, 1, 'BBB', 'bbb_002@gmail.com', '1234567', '9999999992', 'BBBF', 'BBBM', '02/02/2008', '01, old tane, cantonment', 620001, 35, 4280, '[\"9\"]', '2022-05-06 12:57:37', '1651822057', 'active'),
(45, 'student', NULL, 21, 20, 1, 'CCC', 'ccc_003@gmail.com', '1234567', '9999999993', 'CCCF', 'CCCM', '12/08/2008', '03, CCCF', 620001, 35, 4280, '[\"9\"]', '2022-05-06 12:58:51', '1651822131', 'active'),
(46, 'student', NULL, 21, 20, 1, 'DDD', 'ddd_004@gmail.com', '1234567', '9999999994', 'DDDF', 'DDDM', '04/04/2008', '01, old tane, cantonment', 620001, 35, 4280, '[\"9\"]', '2022-05-06 13:00:32', '1651822232', 'active'),
(47, 'student', NULL, 21, 20, 1, 'EEE', 'eee_005@gmail.com', '1234567', '9999999995', 'EEEF', 'EEEM', '24/09/2008', '05, EEEF', 620001, 35, 4280, '[\"9\"]', '2022-05-06 13:01:03', '1651822263', 'active'),
(48, 'student', NULL, 21, 20, 1, 'FFF', 'fff_006@gmail.com', '1234567', '9999999996', 'FFFF', 'FFFM', '06/06/2008', '01, old tane, cantonment', 620001, 35, 4280, '[\"9\"]', '2022-05-06 13:02:59', '1651822379', 'active'),
(49, 'student', NULL, 21, 20, 1, 'GGG', 'ggg_007@gmail.com', '1234567', '9999999997', 'GGGF', 'GGGM', '23/04/2008', '07, GGGF', 620001, 35, 4280, '[\"9\"]', '2022-05-06 13:03:11', '1651822391', 'active'),
(50, 'student', NULL, 21, 20, 1, 'III', 'iii_009@gmail.com', '1234567', '9999999999', 'IIIF', 'IIIM', '05/05/2008', '09, IIF', 620001, 35, 4280, '[\"9\"]', '2022-05-06 13:05:12', '1651822512', 'active'),
(51, 'student', NULL, 21, 20, 1, 'HHH', 'hhh_008@gmail.com', '1234567', '9999999998', 'HHHF', 'HHHM', '08/08/2008', '01, old tane, cantonment', 620001, 35, 4280, '[\"9\"]', '2022-05-06 13:05:16', '1651822516', 'active'),
(52, 'student', NULL, 21, 20, 1, 'JJJ', 'jjj_010@gmail.com', '1234567', '9999999990', 'JJJF', 'JJJM', '10/10/2008', '01, old tane, cantonment', 620001, 35, 4280, '[\"9\"]', '2022-05-06 13:07:24', '1651822644', 'active'),
(53, 'student', NULL, 12, 1, 1, 'HU', 'student00@gmail.com', '123456', 'njkghcgxf', 'b,jvkhcgjxfhgcv', 'njbkvhjgch', '27/05/2022', 'nkhguy', 0, 14, 1222, '[\"2\"]', '2022-05-08 13:02:22', '1651995142', 'active');

-- --------------------------------------------------------

--
-- Table structure for table `tbl_student_assignment`
--

CREATE TABLE `tbl_student_assignment` (
  `id` bigint(20) NOT NULL,
  `school_id` int(11) NOT NULL,
  `teacher_id` int(11) NOT NULL,
  `class_id` int(11) NOT NULL,
  `section_id` int(11) NOT NULL,
  `subject_id` int(11) NOT NULL,
  `title` varchar(250) NOT NULL,
  `attachment` text NOT NULL,
  `datetime` datetime NOT NULL,
  `addedon` varchar(30) NOT NULL,
  `status` varchar(30) NOT NULL DEFAULT 'active'
) ENGINE=InnoDB DEFAULT CHARSET=latin1;

--
-- Dumping data for table `tbl_student_assignment`
--

INSERT INTO `tbl_student_assignment` (`id`, `school_id`, `teacher_id`, `class_id`, `section_id`, `subject_id`, `title`, `attachment`, `datetime`, `addedon`, `status`) VALUES
(7, 12, 19, 17, 4, 3, 'Postman Assignment Title', '1636480296.xlsx', '2021-11-09 23:21:36', '1636480296', 'active'),
(8, 12, 18, 21, 2, 5, 'my online assignment title', '1636482895Modules.docx', '2021-11-10 00:04:55', '1636482895', 'active'),
(9, 12, 19, 17, 4, 4, 'Assignment 1', '1636483033Modules.docx', '2021-11-10 00:07:13', '1636483033', 'active'),
(10, 1, 18, 1, 1, 2, 'Sample file', '1636571833.jpg', '2021-11-11 00:47:13', '1636571833', 'active'),
(11, 1, 18, 1, 1, 2, 'Sample file', '1636571935.jpg', '2021-11-11 00:48:55', '1636571935', 'active'),
(12, 1, 18, 1, 1, 2, 'Sample file', '1636572063.jpg', '2021-11-11 00:51:03', '1636572063', 'active'),
(13, 1, 18, 1, 1, 2, 'Sample file', '1636572110.jpg', '2021-11-11 00:51:50', '1636572110', 'active'),
(14, 5, 18, 1, 5, 5, 'Sample file', '1636572187.jpg', '2021-11-11 00:53:07', '1636572187', 'active'),
(15, 1, 18, 13, 1, 3, 'Sample file', '1636572624.jpg', '2021-11-11 01:00:24', '1636572624', 'active'),
(16, 1, 18, 1, 1, 2, 'Sample file', '1636713264.jpg', '2021-11-12 16:04:24', '1636713264', 'active'),
(17, 1, 18, 1, 1, 2, 'Sample file', '1636714651.jpg', '2021-11-12 16:27:31', '1636714651', 'active'),
(18, 1, 21, 1, 1, 2, 'Sample file', '1636714998.jpg', '2021-11-12 16:33:18', '1636714998', 'active'),
(19, 1, 18, 1, 1, 2, 'Sample file', '1637214489.jpg', '2021-11-18 11:18:09', '1637214489', 'active'),
(20, 1, 18, 1, 1, 3, 'Sample file', '1637214533.pdf', '2021-11-18 11:18:53', '1637214533', 'active'),
(21, 1, 18, 1, 1, 2, 'Sample file', '1637215566.pdf', '2021-11-18 11:36:06', '1637215566', 'active'),
(22, 1, 18, 1, 1, 2, 'Sample file', '1638005829.jpg', '2021-11-27 15:07:09', '1638005829', 'active'),
(23, 1, 18, 12, 1, 2, 'Sample file', '1638105472.jpg', '2021-11-28 18:47:52', '1638105472', 'active'),
(24, 1, 18, 1, 1, 2, 'Sample file', '1638163341.jpg', '2021-11-29 10:52:21', '1638163341', 'active'),
(25, 1, 34, 12, 1, 9, 'Sample file', '1638171128.jpg', '2021-11-29 13:02:08', '1638171128', 'active'),
(26, 1, 18, 1, 1, 2, 'Sample file', '1638205355.jpg', '2021-11-29 22:32:35', '1638205355', 'active'),
(27, 1, 18, 1, 1, 2, 'Sample file', '1638269449.jpg', '2021-11-30 16:20:49', '1638269449', 'active'),
(28, 1, 18, 2, 1, 2, 'Sample file', '1638292143.jpg', '2021-11-30 22:39:03', '1638292143', 'active'),
(31, 12, 18, 1, 1, 9, 'hi', '16385113662021-11-30 at 16-00-30.png', '2021-12-03 11:32:46', '1638511366', 'active'),
(32, 12, 18, 1, 1, 9, 'hi', '16385113762021-11-30 at 16-00-30.png', '2021-12-03 11:32:56', '1638511376', 'active'),
(33, 1, 18, 1, 1, 2, 'Sample file', '1638809421.jpg', '2021-12-06 22:20:21', '1638809421', 'active'),
(34, 1, 18, 1, 1, 1, 'Sample file', '1641801129.pdf', '2022-01-10 13:22:09', '1641801129', 'active'),
(35, 1, 18, 1, 1, 1, 'Sample file', '1641801374.pdf', '2022-01-10 13:26:14', '1641801374', 'active'),
(36, 1, 18, 12, 1, 2, 'Sample file', '1641802559.pdf', '2022-01-10 13:45:59', '1641802559', 'active'),
(37, 5, 18, 1, 5, 2, 'Sample file', '1646108188.jpg', '2022-03-01 09:46:28', '1646108188', 'active'),
(38, 2, 18, 18, 2, 4, 'Sample file', '1647280323.jpg', '2022-03-14 23:22:03', '1647280323', 'active'),
(39, 1, 18, 1, 1, 9, 'Sample file', '1647332698.jpg', '2022-03-15 13:54:58', '1647332698', 'active'),
(40, 1, 18, 2, 1, 5, 'Sample file', '1651943129.jpg', '2022-05-07 22:35:29', '1651943129', 'active'),
(41, 1, 18, 1, 1, 1, 'Sample file', '1651994362.jpg', '2022-05-08 12:49:22', '1651994362', 'active'),
(42, 1, 12, 2, 1, 1, 'Sample file', '1652004923.jpg', '2022-05-08 15:45:23', '1652004923', 'active'),
(43, 1, 12, 14, 1, 5, 'Sample file', '1652624571.jpg', '2022-05-15 19:52:51', '1652624571', 'active'),
(44, 1, 12, 1, 1, 9, 'Sample file', '1653458113.jpg', '2022-05-25 11:25:13', '1653458113', 'active'),
(45, 1, 12, 1, 1, 1, 'Sample file', '1653458903.jpg', '2022-05-25 11:38:23', '1653458903', 'active'),
(47, 5, 18, 22, 5, 3, 'Sample file', '1655451117.pdf', '2022-06-17 13:01:57', '1655451117', 'active');

-- --------------------------------------------------------

--
-- Table structure for table `tbl_student_attendance`
--

CREATE TABLE `tbl_student_attendance` (
  `student_attendance_id` bigint(20) NOT NULL,
  `school_id` int(11) NOT NULL,
  `teacher_id` int(11) NOT NULL,
  `class_id` int(11) NOT NULL,
  `section_id` int(11) NOT NULL,
  `student_id` int(11) NOT NULL,
  `attendance` varchar(10) NOT NULL,
  `date` varchar(20) NOT NULL,
  `session` varchar(15) NOT NULL,
  `addedon` varchar(30) NOT NULL,
  `datetime` datetime NOT NULL,
  `status` varchar(20) NOT NULL DEFAULT 'active'
) ENGINE=InnoDB DEFAULT CHARSET=latin1;

--
-- Dumping data for table `tbl_student_attendance`
--

INSERT INTO `tbl_student_attendance` (`student_attendance_id`, `school_id`, `teacher_id`, `class_id`, `section_id`, `student_id`, `attendance`, `date`, `session`, `addedon`, `datetime`, `status`) VALUES
(70, 12, 18, 1, 1, 35, 'Present', '27/11/2021', 'ForeNoon', '1636183691', '2021-11-06 12:58:11', 'active'),
(71, 12, 18, 1, 1, 36, 'Present', '27/11/2021', 'ForeNoon', '1636183691', '2021-11-06 12:58:11', 'active'),
(72, 12, 18, 1, 1, 37, 'Present', '27/11/2021', 'ForeNoon', '1636183691', '2021-11-06 12:58:11', 'active'),
(91, 12, 18, 1, 1, 35, 'Present', '18/11/2021', 'ForeNoon', '1636187255', '2021-11-06 13:57:35', 'active'),
(92, 12, 18, 1, 1, 36, 'Present', '18/11/2021', 'ForeNoon', '1636187255', '2021-11-06 13:57:35', 'active'),
(93, 12, 18, 1, 1, 37, 'Present', '18/11/2021', 'ForeNoon', '1636187255', '2021-11-06 13:57:35', 'active'),
(94, 12, 18, 1, 1, 35, 'Present', '19/11/2021', 'ForeNoon', '1636209321', '2021-11-06 20:05:21', 'active'),
(95, 12, 18, 1, 1, 36, 'Half Day', '19/11/2021', 'ForeNoon', '1636209321', '2021-11-06 20:05:21', 'active'),
(96, 12, 18, 1, 1, 37, 'Half Day', '19/11/2021', 'ForeNoon', '1636209321', '2021-11-06 20:05:21', 'active'),
(100, 12, 18, 1, 1, 35, 'Present', '05/11/2021', 'ForeNoon', '1636209891', '2021-11-06 20:14:51', 'active'),
(101, 12, 18, 1, 1, 36, 'Present', '05/11/2021', 'ForeNoon', '1636209891', '2021-11-06 20:14:51', 'active'),
(102, 12, 18, 1, 1, 37, 'Present', '05/11/2021', 'ForeNoon', '1636209891', '2021-11-06 20:14:51', 'active'),
(103, 12, 18, 1, 1, 35, 'Half Day', '25/11/2021', 'ForeNoon', '1636713393', '2021-11-12 16:06:33', 'active'),
(104, 12, 18, 1, 1, 36, 'Absent', '25/11/2021', 'ForeNoon', '1636713393', '2021-11-12 16:06:33', 'active'),
(105, 12, 18, 1, 1, 37, 'Half Day', '25/11/2021', 'ForeNoon', '1636713393', '2021-11-12 16:06:33', 'active'),
(121, 12, 18, 1, 1, 35, 'Present', '12/11/2021', 'ForeNoon', '1636714599', '2021-11-12 16:26:39', 'active'),
(122, 12, 18, 1, 1, 36, 'Absent', '12/11/2021', 'ForeNoon', '1636714599', '2021-11-12 16:26:39', 'active'),
(123, 12, 18, 1, 1, 37, 'Half Day', '12/11/2021', 'ForeNoon', '1636714599', '2021-11-12 16:26:39', 'active'),
(124, 12, 18, 1, 1, 35, 'Present', '18/11/2021', 'ForeNoon', '1637214220', '2021-11-18 11:13:40', 'active'),
(125, 12, 18, 1, 1, 36, 'Absent', '18/11/2021', 'ForeNoon', '1637214220', '2021-11-18 11:13:40', 'active'),
(126, 12, 18, 1, 1, 37, 'Half Day', '18/11/2021', 'ForeNoon', '1637214220', '2021-11-18 11:13:40', 'active'),
(133, 12, 18, 1, 1, 35, 'Half Day', '11/11/2021', 'ForeNoon', '1638104162', '2021-11-28 18:26:02', 'active'),
(134, 12, 18, 1, 1, 36, 'Absent', '11/11/2021', 'ForeNoon', '1638104162', '2021-11-28 18:26:02', 'active'),
(135, 12, 18, 1, 1, 37, 'Half Day', '11/11/2021', 'ForeNoon', '1638104162', '2021-11-28 18:26:02', 'active'),
(139, 12, 18, 1, 1, 35, 'Present', '01/11/2021', 'ForeNoon', '1638163285', '2021-11-29 10:51:25', 'active'),
(140, 12, 18, 1, 1, 36, 'Absent', '01/11/2021', 'ForeNoon', '1638163285', '2021-11-29 10:51:25', 'active'),
(141, 12, 18, 1, 1, 37, 'Half Day', '01/11/2021', 'ForeNoon', '1638163285', '2021-11-29 10:51:25', 'active'),
(142, 15, 34, 12, 1, 39, 'Half Day', '29/11/2021', 'AfterNoon', '1638171041', '2021-11-29 13:00:41', 'active'),
(146, 12, 18, 1, 1, 35, 'Present', '15/11/2021', 'ForeNoon', '1638205718', '2021-11-29 22:38:38', 'active'),
(147, 12, 18, 1, 1, 36, 'Present', '15/11/2021', 'ForeNoon', '1638205718', '2021-11-29 22:38:38', 'active'),
(148, 12, 18, 1, 1, 37, 'Present', '15/11/2021', 'ForeNoon', '1638205718', '2021-11-29 22:38:38', 'active'),
(149, 12, 18, 1, 1, 35, 'Half Day', '02/12/2021', 'ForeNoon', '1638430365', '2021-12-02 13:02:45', 'active'),
(150, 12, 18, 1, 1, 36, 'Absent', '02/12/2021', 'ForeNoon', '1638430365', '2021-12-02 13:02:45', 'active'),
(151, 12, 18, 1, 1, 37, 'Absent', '02/12/2021', 'ForeNoon', '1638430365', '2021-12-02 13:02:45', 'active'),
(152, 12, 18, 1, 1, 35, 'Half Day', '07/12/2021', 'ForeNoon', '1638853743', '2021-12-07 10:39:03', 'active'),
(153, 12, 18, 1, 1, 36, 'Half Day', '07/12/2021', 'ForeNoon', '1638853743', '2021-12-07 10:39:03', 'active'),
(154, 12, 18, 1, 1, 37, 'Absent', '07/12/2021', 'ForeNoon', '1638853743', '2021-12-07 10:39:03', 'active'),
(158, 12, 18, 1, 1, 35, 'Present', '01/12/2021', 'ForeNoon', '1638853976', '2021-12-07 10:42:56', 'active'),
(159, 12, 18, 1, 1, 36, 'Absent', '01/12/2021', 'ForeNoon', '1638853976', '2021-12-07 10:42:56', 'active'),
(160, 12, 18, 1, 1, 37, 'Half Day', '01/12/2021', 'ForeNoon', '1638853976', '2021-12-07 10:42:56', 'active'),
(165, 12, 18, 1, 1, 40, 'Present', '10/01/2022', 'ForeNoon', '1641794581', '2022-01-10 11:33:01', 'active'),
(166, 12, 18, 1, 1, 35, 'Present', '10/01/2022', 'ForeNoon', '1641794581', '2022-01-10 11:33:01', 'active'),
(167, 12, 18, 1, 1, 36, 'Present', '10/01/2022', 'ForeNoon', '1641794581', '2022-01-10 11:33:01', 'active'),
(168, 12, 18, 1, 1, 37, 'Present', '10/01/2022', 'ForeNoon', '1641794581', '2022-01-10 11:33:01', 'active'),
(173, 12, 18, 1, 1, 40, 'Present', '11/01/2022', 'ForeNoon', '1641802262', '2022-01-10 13:41:02', 'active'),
(174, 12, 18, 1, 1, 35, 'Absent', '11/01/2022', 'ForeNoon', '1641802262', '2022-01-10 13:41:02', 'active'),
(175, 12, 18, 1, 1, 36, 'Half Day', '11/01/2022', 'ForeNoon', '1641802262', '2022-01-10 13:41:02', 'active'),
(176, 12, 18, 1, 1, 37, 'Half Day', '11/01/2022', 'ForeNoon', '1641802262', '2022-01-10 13:41:02', 'active'),
(181, 12, 18, 1, 1, 40, 'Present', '11/01/2022', 'AfterNoon', '1641890929', '2022-01-11 14:18:49', 'active'),
(182, 12, 18, 1, 1, 35, 'Absent', '11/01/2022', 'AfterNoon', '1641890929', '2022-01-11 14:18:49', 'active'),
(183, 12, 18, 1, 1, 36, 'Half Day', '11/01/2022', 'AfterNoon', '1641890929', '2022-01-11 14:18:49', 'active'),
(184, 12, 18, 1, 1, 37, 'Absent', '11/01/2022', 'AfterNoon', '1641890929', '2022-01-11 14:18:49', 'active'),
(189, 12, 18, 1, 1, 40, 'Present', '25/01/2022', 'ForeNoon', '1643201259', '2022-01-26 18:17:39', 'active'),
(190, 12, 18, 1, 1, 35, 'Absent', '25/01/2022', 'ForeNoon', '1643201259', '2022-01-26 18:17:39', 'active'),
(191, 12, 18, 1, 1, 36, 'Present', '25/01/2022', 'ForeNoon', '1643201259', '2022-01-26 18:17:39', 'active'),
(192, 12, 18, 1, 1, 37, 'Present', '25/01/2022', 'ForeNoon', '1643201259', '2022-01-26 18:17:39', 'active'),
(193, 12, 18, 1, 1, 40, 'Present', '14/03/2022', 'ForeNoon', '1647277370', '2022-03-14 22:32:50', 'active'),
(194, 12, 18, 1, 1, 35, 'Present', '14/03/2022', 'ForeNoon', '1647277370', '2022-03-14 22:32:50', 'active'),
(195, 12, 18, 1, 1, 36, 'Present', '14/03/2022', 'ForeNoon', '1647277370', '2022-03-14 22:32:50', 'active'),
(196, 12, 18, 1, 1, 37, 'Present', '14/03/2022', 'ForeNoon', '1647277370', '2022-03-14 22:32:50', 'active'),
(197, 12, 18, 1, 1, 40, 'Present', '01/03/2022', 'ForeNoon', '1647322717', '2022-03-15 11:08:37', 'active'),
(198, 12, 18, 1, 1, 35, 'Absent', '01/03/2022', 'ForeNoon', '1647322717', '2022-03-15 11:08:37', 'active'),
(199, 12, 18, 1, 1, 36, 'Half Day', '01/03/2022', 'ForeNoon', '1647322717', '2022-03-15 11:08:37', 'active'),
(200, 12, 18, 1, 1, 37, 'Half Day', '01/03/2022', 'ForeNoon', '1647322717', '2022-03-15 11:08:37', 'active'),
(201, 12, 18, 1, 1, 40, 'Present', '15/03/2022', 'ForeNoon', '1647324807', '2022-03-15 11:43:27', 'active'),
(202, 12, 18, 1, 1, 35, 'Absent', '15/03/2022', 'ForeNoon', '1647324807', '2022-03-15 11:43:27', 'active'),
(203, 12, 18, 1, 1, 36, 'Half Day', '15/03/2022', 'ForeNoon', '1647324807', '2022-03-15 11:43:27', 'active'),
(204, 12, 18, 1, 1, 37, 'Present', '15/03/2022', 'ForeNoon', '1647324807', '2022-03-15 11:43:27', 'active'),
(229, 12, 18, 1, 1, 40, 'Half Day', '18/04/2022', 'ForeNoon', '1650281242', '2022-04-18 16:57:22', 'active'),
(230, 12, 18, 1, 1, 35, 'Absent', '18/04/2022', 'ForeNoon', '1650281242', '2022-04-18 16:57:22', 'active'),
(231, 12, 18, 1, 1, 36, 'Present', '18/04/2022', 'ForeNoon', '1650281242', '2022-04-18 16:57:22', 'active'),
(232, 12, 18, 1, 1, 37, 'Present', '18/04/2022', 'ForeNoon', '1650281242', '2022-04-18 16:57:22', 'active'),
(233, 12, 18, 1, 1, 40, 'Half Day', '14/05/2022', 'ForeNoon', '1652509121', '2022-05-14 11:48:41', 'active'),
(234, 12, 18, 1, 1, 53, 'Absent', '14/05/2022', 'ForeNoon', '1652509121', '2022-05-14 11:48:41', 'active'),
(235, 12, 18, 1, 1, 35, 'Absent', '14/05/2022', 'ForeNoon', '1652509121', '2022-05-14 11:48:41', 'active'),
(236, 12, 18, 1, 1, 36, 'Absent', '14/05/2022', 'ForeNoon', '1652509121', '2022-05-14 11:48:41', 'active'),
(237, 12, 18, 1, 1, 37, 'Absent', '14/05/2022', 'ForeNoon', '1652509121', '2022-05-14 11:48:41', 'active'),
(238, 12, 18, 1, 1, 40, 'Half Day', '14/05/2022', 'ForeNoon', '1652509166', '2022-05-14 11:49:26', 'active'),
(239, 12, 18, 1, 1, 53, 'Half Day', '14/05/2022', 'ForeNoon', '1652509166', '2022-05-14 11:49:26', 'active'),
(240, 12, 18, 1, 1, 35, 'Half Day', '14/05/2022', 'ForeNoon', '1652509166', '2022-05-14 11:49:26', 'active'),
(241, 12, 18, 1, 1, 36, 'Absent', '14/05/2022', 'ForeNoon', '1652509166', '2022-05-14 11:49:26', 'active'),
(242, 12, 18, 1, 1, 37, 'Absent', '14/05/2022', 'ForeNoon', '1652509166', '2022-05-14 11:49:26', 'active'),
(243, 12, 18, 1, 1, 40, 'Present', '14/05/2022', 'AfterNoon', '1652509262', '2022-05-14 11:51:02', 'active'),
(244, 12, 18, 1, 1, 53, 'Present', '14/05/2022', 'AfterNoon', '1652509262', '2022-05-14 11:51:02', 'active'),
(245, 12, 18, 1, 1, 35, 'Present', '14/05/2022', 'AfterNoon', '1652509262', '2022-05-14 11:51:02', 'active'),
(246, 12, 18, 1, 1, 36, 'Present', '14/05/2022', 'AfterNoon', '1652509262', '2022-05-14 11:51:02', 'active'),
(247, 12, 18, 1, 1, 37, 'Present', '14/05/2022', 'AfterNoon', '1652509262', '2022-05-14 11:51:02', 'active'),
(248, 12, 18, 1, 1, 40, 'Half Day', '14/05/2022', 'AfterNoon', '1652509275', '2022-05-14 11:51:15', 'active'),
(249, 12, 18, 1, 1, 53, 'Half Day', '14/05/2022', 'AfterNoon', '1652509275', '2022-05-14 11:51:15', 'active'),
(250, 12, 18, 1, 1, 35, 'Half Day', '14/05/2022', 'AfterNoon', '1652509275', '2022-05-14 11:51:15', 'active'),
(251, 12, 18, 1, 1, 36, 'Half Day', '14/05/2022', 'AfterNoon', '1652509275', '2022-05-14 11:51:15', 'active'),
(252, 12, 18, 1, 1, 37, 'Half Day', '14/05/2022', 'AfterNoon', '1652509275', '2022-05-14 11:51:15', 'active'),
(253, 21, 43, 20, 1, 43, 'Present', '14/05/2022', 'ForeNoon', '1652509401', '2022-05-14 11:53:21', 'active'),
(254, 21, 43, 20, 1, 44, 'Present', '14/05/2022', 'ForeNoon', '1652509401', '2022-05-14 11:53:21', 'active'),
(255, 21, 43, 20, 1, 45, 'Present', '14/05/2022', 'ForeNoon', '1652509401', '2022-05-14 11:53:21', 'active'),
(256, 21, 43, 20, 1, 46, 'Present', '14/05/2022', 'ForeNoon', '1652509401', '2022-05-14 11:53:21', 'active'),
(257, 21, 43, 20, 1, 47, 'Present', '14/05/2022', 'ForeNoon', '1652509401', '2022-05-14 11:53:21', 'active'),
(258, 21, 43, 20, 1, 48, 'Present', '14/05/2022', 'ForeNoon', '1652509401', '2022-05-14 11:53:21', 'active'),
(259, 21, 43, 20, 1, 49, 'Present', '14/05/2022', 'ForeNoon', '1652509401', '2022-05-14 11:53:21', 'active'),
(260, 21, 43, 20, 1, 51, 'Present', '14/05/2022', 'ForeNoon', '1652509401', '2022-05-14 11:53:21', 'active'),
(261, 21, 43, 20, 1, 50, 'Present', '14/05/2022', 'ForeNoon', '1652509401', '2022-05-14 11:53:21', 'active'),
(262, 21, 43, 20, 1, 52, 'Present', '14/05/2022', 'ForeNoon', '1652509401', '2022-05-14 11:53:21', 'active'),
(263, 21, 43, 20, 1, 43, 'Absent', '14/05/2022', 'ForeNoon', '1652509416', '2022-05-14 11:53:36', 'active'),
(264, 21, 43, 20, 1, 44, 'Absent', '14/05/2022', 'ForeNoon', '1652509416', '2022-05-14 11:53:36', 'active'),
(265, 21, 43, 20, 1, 45, 'Absent', '14/05/2022', 'ForeNoon', '1652509416', '2022-05-14 11:53:36', 'active'),
(266, 21, 43, 20, 1, 46, 'Absent', '14/05/2022', 'ForeNoon', '1652509416', '2022-05-14 11:53:36', 'active'),
(267, 21, 43, 20, 1, 47, 'Absent', '14/05/2022', 'ForeNoon', '1652509416', '2022-05-14 11:53:36', 'active'),
(268, 21, 43, 20, 1, 48, 'Absent', '14/05/2022', 'ForeNoon', '1652509416', '2022-05-14 11:53:36', 'active'),
(269, 21, 43, 20, 1, 49, 'Absent', '14/05/2022', 'ForeNoon', '1652509416', '2022-05-14 11:53:36', 'active'),
(270, 21, 43, 20, 1, 51, 'Absent', '14/05/2022', 'ForeNoon', '1652509416', '2022-05-14 11:53:36', 'active'),
(271, 21, 43, 20, 1, 50, 'Absent', '14/05/2022', 'ForeNoon', '1652509416', '2022-05-14 11:53:36', 'active'),
(272, 21, 43, 20, 1, 52, 'Absent', '14/05/2022', 'ForeNoon', '1652509416', '2022-05-14 11:53:36', 'active'),
(273, 21, 43, 20, 1, 43, 'Present', '14/05/2022', 'ForeNoon', '1652509612', '2022-05-14 11:56:52', 'active'),
(274, 21, 43, 20, 1, 44, 'Present', '14/05/2022', 'ForeNoon', '1652509612', '2022-05-14 11:56:52', 'active'),
(275, 21, 43, 20, 1, 45, 'Present', '14/05/2022', 'ForeNoon', '1652509612', '2022-05-14 11:56:52', 'active'),
(276, 21, 43, 20, 1, 46, 'Present', '14/05/2022', 'ForeNoon', '1652509612', '2022-05-14 11:56:52', 'active'),
(277, 21, 43, 20, 1, 47, 'Present', '14/05/2022', 'ForeNoon', '1652509612', '2022-05-14 11:56:52', 'active'),
(278, 21, 43, 20, 1, 48, 'Present', '14/05/2022', 'ForeNoon', '1652509612', '2022-05-14 11:56:52', 'active'),
(279, 21, 43, 20, 1, 49, 'Present', '14/05/2022', 'ForeNoon', '1652509612', '2022-05-14 11:56:52', 'active'),
(280, 21, 43, 20, 1, 51, 'Present', '14/05/2022', 'ForeNoon', '1652509612', '2022-05-14 11:56:52', 'active'),
(281, 21, 43, 20, 1, 50, 'Present', '14/05/2022', 'ForeNoon', '1652509612', '2022-05-14 11:56:52', 'active'),
(282, 21, 43, 20, 1, 52, 'Present', '14/05/2022', 'ForeNoon', '1652509612', '2022-05-14 11:56:52', 'active'),
(283, 12, 18, 1, 1, 40, 'Present', '25/05/2022', 'ForeNoon', '1653457973', '2022-05-25 11:22:53', 'active'),
(284, 12, 18, 1, 1, 53, 'Present', '25/05/2022', 'ForeNoon', '1653457973', '2022-05-25 11:22:53', 'active'),
(285, 12, 18, 1, 1, 35, 'Present', '25/05/2022', 'ForeNoon', '1653457973', '2022-05-25 11:22:53', 'active'),
(286, 12, 18, 1, 1, 36, 'Present', '25/05/2022', 'ForeNoon', '1653457973', '2022-05-25 11:22:53', 'active'),
(287, 12, 18, 1, 1, 37, 'Present', '25/05/2022', 'ForeNoon', '1653457973', '2022-05-25 11:22:53', 'active'),
(288, 12, 18, 1, 1, 40, 'Half Day', '25/05/2022', 'ForeNoon', '1653458249', '2022-05-25 11:27:29', 'active'),
(289, 12, 18, 1, 1, 53, 'Half Day', '25/05/2022', 'ForeNoon', '1653458249', '2022-05-25 11:27:29', 'active'),
(290, 12, 18, 1, 1, 35, 'Half Day', '25/05/2022', 'ForeNoon', '1653458249', '2022-05-25 11:27:29', 'active'),
(291, 12, 18, 1, 1, 36, 'Half Day', '25/05/2022', 'ForeNoon', '1653458249', '2022-05-25 11:27:29', 'active'),
(292, 12, 18, 1, 1, 37, 'Half Day', '25/05/2022', 'ForeNoon', '1653458249', '2022-05-25 11:27:29', 'active'),
(293, 12, 18, 1, 1, 40, 'Present', '25/05/2022', 'ForeNoon', '1653458315', '2022-05-25 11:28:35', 'active'),
(294, 12, 18, 1, 1, 53, 'Present', '25/05/2022', 'ForeNoon', '1653458315', '2022-05-25 11:28:35', 'active'),
(295, 12, 18, 1, 1, 35, 'Present', '25/05/2022', 'ForeNoon', '1653458315', '2022-05-25 11:28:35', 'active'),
(296, 12, 18, 1, 1, 36, 'Present', '25/05/2022', 'ForeNoon', '1653458315', '2022-05-25 11:28:35', 'active'),
(297, 12, 18, 1, 1, 37, 'Present', '25/05/2022', 'ForeNoon', '1653458315', '2022-05-25 11:28:35', 'active'),
(298, 12, 18, 1, 1, 40, 'Absent', '25/05/2022', 'ForeNoon', '1653458425', '2022-05-25 11:30:25', 'active'),
(299, 12, 18, 1, 1, 53, 'Absent', '25/05/2022', 'ForeNoon', '1653458425', '2022-05-25 11:30:25', 'active'),
(300, 12, 18, 1, 1, 35, 'Absent', '25/05/2022', 'ForeNoon', '1653458425', '2022-05-25 11:30:25', 'active'),
(301, 12, 18, 1, 1, 36, 'Absent', '25/05/2022', 'ForeNoon', '1653458425', '2022-05-25 11:30:25', 'active'),
(302, 12, 18, 1, 1, 37, 'Absent', '25/05/2022', 'ForeNoon', '1653458425', '2022-05-25 11:30:25', 'active');

-- --------------------------------------------------------

--
-- Table structure for table `tbl_subject`
--

CREATE TABLE `tbl_subject` (
  `id` int(11) NOT NULL,
  `name` varchar(30) NOT NULL,
  `datetime` datetime NOT NULL,
  `addedon` varchar(30) NOT NULL,
  `status` varchar(20) NOT NULL DEFAULT 'active'
) ENGINE=InnoDB DEFAULT CHARSET=latin1;

--
-- Dumping data for table `tbl_subject`
--

INSERT INTO `tbl_subject` (`id`, `name`, `datetime`, `addedon`, `status`) VALUES
(1, 'Hindi', '2021-10-03 12:53:27', '1633245807', 'active'),
(2, 'English', '2021-10-03 12:53:33', '1633245813', 'active'),
(3, 'Math', '2021-10-03 12:53:37', '1633245817', 'active'),
(4, 'Science', '2021-10-03 12:53:41', '1633245821', 'active'),
(5, 'Social Science', '2021-10-03 12:53:45', '1633245825', 'active'),
(6, 'Physics', '2021-10-06 22:31:57', '1633539717', 'active'),
(7, 'Chemistry', '2021-10-06 22:32:01', '1633539721', 'active'),
(8, 'evs', '2021-10-11 11:15:41', '1633931141', 'active'),
(9, 'Tamil', '2021-10-16 12:51:56', '1634368916', 'active'),
(10, 'AB', '2021-10-19 13:29:53', '1634630393', 'active'),
(11, 'design', '2022-03-02 17:46:31', '1646223391', 'active'),
(12, 'Computer Science', '2022-05-06 12:25:34', '1651820134', 'active'),
(13, 'Mathematics', '2022-05-06 12:27:53', '1651820273', 'active');

-- --------------------------------------------------------

--
-- Table structure for table `tbl_subject_mark`
--

CREATE TABLE `tbl_subject_mark` (
  `subject_mark_id` bigint(20) NOT NULL,
  `school_id` int(11) NOT NULL,
  `teacher_id` int(11) NOT NULL,
  `class_id` int(11) NOT NULL,
  `section_id` int(11) NOT NULL,
  `student_id` int(11) NOT NULL,
  `subject_id` int(11) NOT NULL,
  `year` int(11) NOT NULL,
  `total_marks` varchar(20) NOT NULL,
  `obtained_marks` varchar(20) NOT NULL,
  `datetime` datetime NOT NULL,
  `addedon` varchar(30) NOT NULL,
  `status` varchar(20) NOT NULL DEFAULT 'active'
) ENGINE=InnoDB DEFAULT CHARSET=latin1;

--
-- Dumping data for table `tbl_subject_mark`
--

INSERT INTO `tbl_subject_mark` (`subject_mark_id`, `school_id`, `teacher_id`, `class_id`, `section_id`, `student_id`, `subject_id`, `year`, `total_marks`, `obtained_marks`, `datetime`, `addedon`, `status`) VALUES
(33, 12, 18, 1, 1, 35, 3, 4, '100', '70', '2021-12-05 22:22:16', '1638723136', 'active'),
(34, 12, 18, 1, 1, 36, 3, 4, '100', '50', '2021-12-05 22:22:16', '1638723136', 'active'),
(35, 12, 18, 1, 1, 37, 3, 4, '100', '85', '2021-12-05 22:22:16', '1638723136', 'active'),
(54, 12, 18, 1, 1, 35, 9, 4, '100', '25', '2021-12-07 10:40:31', '1638853831', 'active'),
(55, 12, 18, 1, 1, 36, 9, 4, '100', '85', '2021-12-07 10:40:31', '1638853831', 'active'),
(56, 12, 18, 1, 1, 37, 9, 4, '100', '58', '2021-12-07 10:40:31', '1638853831', 'active'),
(57, 12, 18, 1, 1, 35, 10, 2, '1', '1', '2021-12-07 10:55:49', '1638854749', 'active'),
(58, 12, 18, 1, 1, 36, 10, 2, '1', '1', '2021-12-07 10:55:49', '1638854749', 'active'),
(59, 12, 18, 1, 1, 37, 10, 2, '1', '1', '2021-12-07 10:55:49', '1638854749', 'active'),
(60, 12, 18, 1, 1, 35, 10, 4, '12', '11', '2021-12-10 10:30:54', '1639112454', 'active'),
(61, 12, 18, 1, 1, 36, 10, 4, '12', '11', '2021-12-10 10:30:54', '1639112454', 'active'),
(62, 12, 18, 1, 1, 37, 10, 4, '12', '11', '2021-12-10 10:30:54', '1639112454', 'active'),
(63, 12, 18, 1, 1, 40, 9, 4, '100', '66', '2022-01-10 10:58:32', '1641792512', 'active'),
(64, 12, 18, 1, 1, 40, 4, 4, '100', '23', '2022-01-10 13:21:37', '1641801097', 'active'),
(65, 12, 18, 1, 1, 35, 4, 4, '100', '23', '2022-01-10 13:21:37', '1641801097', 'active'),
(66, 12, 18, 1, 1, 36, 4, 4, '100', '25', '2022-01-10 13:21:37', '1641801097', 'active'),
(67, 12, 18, 1, 1, 37, 4, 4, '100', '26', '2022-01-10 13:21:37', '1641801097', 'active'),
(72, 12, 18, 12, 1, 41, 7, 4, '100', '69', '2022-01-10 13:49:11', '1641802751', 'active'),
(74, 12, 18, 1, 1, 40, 2, 4, '100', '22', '2022-03-01 09:48:29', '1646108309', 'active'),
(75, 12, 18, 1, 1, 35, 2, 4, '100', '90', '2022-03-01 09:48:29', '1646108309', 'active'),
(76, 12, 18, 1, 1, 36, 2, 4, '100', '53', '2022-03-01 09:48:29', '1646108309', 'active'),
(77, 12, 18, 1, 1, 37, 2, 4, '100', '58', '2022-03-01 09:48:29', '1646108309', 'active'),
(78, 12, 18, 12, 1, 41, 3, 4, '100', '100', '2022-03-14 22:56:20', '1647278780', 'active'),
(79, 12, 18, 12, 1, 41, 10, 4, 'fdggv', 'cvvbb', '2022-04-18 16:32:29', '1650279749', 'active'),
(80, 12, 18, 1, 1, 40, 6, 4, '100', '100', '2022-04-18 17:13:44', '1650282224', 'active'),
(81, 12, 18, 1, 1, 35, 6, 4, '100', '100', '2022-04-18 17:13:44', '1650282224', 'active'),
(82, 12, 18, 1, 1, 36, 6, 4, '100', '100', '2022-04-18 17:13:44', '1650282224', 'active'),
(83, 12, 18, 1, 1, 37, 6, 4, '100', '100', '2022-04-18 17:13:44', '1650282224', 'active'),
(84, 12, 18, 1, 1, 40, 1, 4, '100', '80', '2022-05-07 22:57:39', '1651944459', 'active'),
(85, 12, 18, 1, 1, 35, 1, 4, '100', '36', '2022-05-07 22:57:39', '1651944459', 'active'),
(86, 12, 18, 1, 1, 36, 1, 4, '100', '63', '2022-05-07 22:57:39', '1651944459', 'active'),
(87, 12, 18, 1, 1, 37, 1, 4, '100', '63', '2022-05-07 22:57:39', '1651944459', 'active');

-- --------------------------------------------------------

--
-- Table structure for table `tbl_teacher`
--

CREATE TABLE `tbl_teacher` (
  `id` int(11) NOT NULL,
  `user_type` varchar(20) NOT NULL DEFAULT 'teacher',
  `school_id` int(11) NOT NULL,
  `name` varchar(50) NOT NULL,
  `email` varchar(50) NOT NULL,
  `password` varchar(255) NOT NULL,
  `address` text NOT NULL,
  `mobile_no` varchar(20) NOT NULL,
  `state_id` int(11) NOT NULL,
  `city_id` int(11) NOT NULL,
  `zipcode` int(11) NOT NULL,
  `qualification` varchar(50) NOT NULL,
  `experience` varchar(20) NOT NULL,
  `subjects` varchar(50) NOT NULL,
  `datetime` datetime NOT NULL,
  `addedon` varchar(50) NOT NULL,
  `status` varchar(20) NOT NULL DEFAULT 'active'
) ENGINE=InnoDB DEFAULT CHARSET=latin1;

--
-- Dumping data for table `tbl_teacher`
--

INSERT INTO `tbl_teacher` (`id`, `user_type`, `school_id`, `name`, `email`, `password`, `address`, `mobile_no`, `state_id`, `city_id`, `zipcode`, `qualification`, `experience`, `subjects`, `datetime`, `addedon`, `status`) VALUES
(18, 'teacher', 12, 'Teacher 1', 'teacher@gmail.com', '123456', 'Sector-14', '9991040675', 13, 1131, 127021, 'B.Tech', '2 Years', '[\"2\",\"3\",\"9\"]', '2021-11-06 12:30:16', '1636182016', 'active'),
(19, 'teacher', 12, 'Teacher 2', 'teacher2@gmail.com', '123456', 'Sector-20', '1020304050', 13, 1118, 123478, 'MCA', '4 Years', '[\"3\",\"9\"]', '2021-11-06 12:31:26', '1636182086', 'active'),
(20, 'teacher', 13, 'Teacher 3', 'teacher3@gmail.com', '123456', 'Shanti Nagar', '7040105020', 13, 1119, 147147, 'P.hd', '8 Years', '[\"3\",\"4\"]', '2021-11-06 12:34:18', '1636182258', 'active'),
(21, 'teacher', 13, 'Teacher 4', 'teacher4@gmail.com', '123456', 'Army colony', '5070809040', 13, 1096, 258963, 'MA', '5 Years', '[\"2\",\"5\"]', '2021-11-06 12:35:13', '1636182313', 'active'),
(23, 'teacher', 12, 'First', 'tjtyujtyjty@g.com', '123456', 'gyhtrhhg', 'jhmyhmkyhmyhm', 33, 3312, 684234, 'yhyt', 'trht', '[\"3\"]', '2021-11-22 12:43:40', '1637565220', 'active'),
(24, 'teacher', 12, 'Teacher1', '1teacher@gmail.com', '123456', 'one', '909887654', 35, 3552, 123234, 'one', '1', '[\"2\"]', '2021-11-22 14:09:02', '1637570342', 'active'),
(25, 'teacher', 12, 'Teacher2', '2teacher@gmail.com', '123456', 'two', '8909887887', 2, 7, 454332, 'two', '2', '[\"2\",\"3\"]', '2021-11-22 14:10:23', '1637570423', 'active'),
(26, 'teacher', 12, 'Teacher3', '3teacher@gmail.com', '123456', 'three', '9876654433', 7, 598, 3576554, 'three', '3', '[\"9\"]', '2021-11-22 14:11:13', '1637570473', 'active'),
(27, 'teacher', 12, 'Teacher4', '4teacher@gmail.com', '123456', 'four', '7678823221', 2, 9, 56543, 'four', '4', '[\"4\",\"5\"]', '2021-11-22 14:12:11', '1637570531', 'active'),
(28, 'teacher', 12, 'Teacher5', '5teacher@gmail.com', '123456', 'five', '7876877665', 12, 789, 6677544, 'five', '5', '[\"5\"]', '2021-11-22 14:13:06', '1637570586', 'active'),
(29, 'teacher', 12, 'Teacher6', '6teacher@gmail.com', '123456', 'six', '8787878787', 4, 320, 432211, 'six', '6', '[\"4\",\"9\"]', '2021-11-22 14:20:35', '1637571035', 'active'),
(30, 'teacher', 12, 'Teacher7', '7teacher@gmail.com', '123456', 'seven', '765544355', 16, 1363, 1234546, 'seven', '7', '[\"4\"]', '2021-11-22 14:21:17', '1637571077', 'active'),
(31, 'teacher', 12, 'Teacher8', '8teacher@gmail.com', '123456', 'eight', '8900008887', 38, 4537, 3454322, 'eight', '8', '[\"2\",\"9\"]', '2021-11-22 14:22:27', '1637571147', 'active'),
(32, 'teacher', 12, 'Teacher9', '9teacher@gmail.com', '123456', 'nine', '43221356542', 17, 1529, 434344, 'nine', '9', '[\"3\",\"5\"]', '2021-11-22 14:23:59', '1637571239', 'active'),
(33, 'teacher', 12, 'Teacher0', '0teacher@gmail.com', '123456', 'zero', '4567890434', 35, 3611, 789898, 'zero', '0', '[\"2\",\"3\",\"4\",\"5\",\"9\"]', '2021-11-22 14:24:48', '1637571288', 'active'),
(34, 'teacher', 15, 'jg;kkhbb', 'zxvc@gmail.com', '123456', '4567', '870987080', 35, 3758, 567547, '4567', '45', '[\"9\"]', '2021-11-29 12:26:21', '1638168981', 'active'),
(37, 'teacher', 12, 'aha', 'aha@gmail.com', 'aha', 'aha', '45645', 1, 1, 0, 'b.com', '3', '[\"7\"]', '2022-03-02 17:36:58', '1646222818', 'active'),
(39, 'teacher', 21, 'karuppusamy', 'kp_stj_001@gmail.com', '1234567', '01, new street, cantonment', '9999888801', 35, 4280, 620001, 'MCA', '5', '[\"2\",\"1\"]', '2022-05-06 12:13:00', '1651819380', 'active'),
(40, 'teacher', 21, 'Gowtham N', 'ng_stj_003@gmail.com', '1234567', '01, old street, cantonment', '9999888803', 35, 4280, 620001, 'MCA', '10', '[\"7\",\"6\"]', '2022-05-06 12:21:51', '1651819911', 'active'),
(41, 'teacher', 21, 'Praveen Kumar P', 'pk_stj_001@gmail.com', '1234567', '02, Mathur ', '9999888802', 35, 4280, 620001, 'Bsc,.CS', '1', '[\"9\"]', '2022-05-06 12:23:28', '1651820008', 'active'),
(42, 'teacher', 21, 'Ramprasath M', 'rp_stj_005@gmail.com', '1234567', '01, new street, cantonment', '9999888805', 35, 4280, 620001, 'B.TECH', '3', '[\"12\"]', '2022-05-06 12:26:05', '1651820165', 'active'),
(43, 'teacher', 21, 'Ashwin', 'as_stj_004@gmail.com', '1234567', '04, old Address', '9999888804', 35, 4280, 620001, 'BE.EEE', '1', '[\"13\"]', '2022-05-06 12:27:09', '1651820229', 'active');

-- --------------------------------------------------------

--
-- Table structure for table `tbl_timetable`
--

CREATE TABLE `tbl_timetable` (
  `id` int(11) NOT NULL,
  `school_id` int(11) NOT NULL,
  `weekday` varchar(20) NOT NULL,
  `period_id` int(11) NOT NULL,
  `class_assign_id` int(11) NOT NULL,
  `datetime` datetime NOT NULL,
  `addedon` varchar(30) NOT NULL,
  `status` varchar(20) NOT NULL DEFAULT 'active'
) ENGINE=InnoDB DEFAULT CHARSET=latin1;

--
-- Dumping data for table `tbl_timetable`
--

INSERT INTO `tbl_timetable` (`id`, `school_id`, `weekday`, `period_id`, `class_assign_id`, `datetime`, `addedon`, `status`) VALUES
(3, 12, 'Monday', 21, 16, '2021-11-22 14:45:20', '1637572520', 'active'),
(4, 12, 'Monday', 21, 16, '2021-11-22 14:45:46', '1637572546', 'active'),
(5, 12, 'Monday', 6, 16, '2021-11-22 14:46:23', '1637572583', 'active'),
(6, 12, 'Monday', 13, 15, '2021-11-22 14:47:48', '1637572668', 'active'),
(7, 12, 'Tuesday', 22, 16, '2022-03-30 22:44:10', '1648660450', 'active'),
(8, 12, 'Monday', 1, 13, '2022-04-18 11:49:56', '1650262796', 'active'),
(10, 21, 'Monday', 1, 28, '2022-05-06 12:42:42', '1651821162', 'active'),
(11, 21, 'Monday', 2, 27, '2022-05-06 12:42:56', '1651821176', 'active'),
(12, 21, 'Monday', 3, 26, '2022-05-06 12:45:03', '1651821303', 'active'),
(13, 21, 'Monday', 4, 25, '2022-05-06 12:45:15', '1651821315', 'active'),
(14, 21, 'Monday', 5, 24, '2022-05-06 12:45:25', '1651821325', 'active'),
(15, 21, 'Tuesday', 1, 28, '2022-05-06 12:46:13', '1651821373', 'active'),
(16, 21, 'Tuesday', 2, 27, '2022-05-06 12:46:20', '1651821380', 'active'),
(17, 21, 'Tuesday', 3, 26, '2022-05-06 12:46:30', '1651821390', 'active'),
(18, 21, 'Tuesday', 4, 25, '2022-05-06 12:46:40', '1651821400', 'active'),
(19, 21, 'Tuesday', 5, 24, '2022-05-06 12:46:52', '1651821412', 'active'),
(20, 21, 'Wednesday', 1, 28, '2022-05-06 12:46:59', '1651821419', 'active'),
(21, 21, 'Wednesday', 2, 27, '2022-05-06 12:47:06', '1651821426', 'active'),
(22, 21, 'Wednesday', 3, 26, '2022-05-06 12:47:14', '1651821434', 'active'),
(23, 21, 'Wednesday', 4, 25, '2022-05-06 12:47:20', '1651821440', 'active'),
(24, 21, 'Wednesday', 5, 24, '2022-05-06 12:47:26', '1651821446', 'active'),
(25, 21, 'Thursday', 1, 28, '2022-05-06 12:47:34', '1651821454', 'active'),
(26, 21, 'Thursday', 2, 27, '2022-05-06 12:47:40', '1651821460', 'active'),
(27, 21, 'Thursday', 3, 26, '2022-05-06 12:47:50', '1651821470', 'active'),
(28, 21, 'Thursday', 4, 25, '2022-05-06 12:48:34', '1651821514', 'active'),
(29, 21, 'Thursday', 5, 24, '2022-05-06 12:48:40', '1651821520', 'active'),
(30, 21, 'Friday', 1, 28, '2022-05-06 12:48:44', '1651821524', 'active'),
(31, 21, 'Friday', 2, 27, '2022-05-06 12:48:52', '1651821532', 'active'),
(32, 21, 'Friday', 3, 26, '2022-05-06 12:49:12', '1651821552', 'active'),
(33, 21, 'Friday', 4, 25, '2022-05-06 12:49:19', '1651821559', 'active'),
(34, 21, 'Friday', 5, 24, '2022-05-06 12:49:26', '1651821566', 'active');

-- --------------------------------------------------------

--
-- Table structure for table `tbl_year`
--

CREATE TABLE `tbl_year` (
  `id` int(11) NOT NULL,
  `year` varchar(30) NOT NULL,
  `datetime` datetime NOT NULL,
  `addedon` varchar(30) NOT NULL,
  `status` varchar(20) NOT NULL DEFAULT 'active'
) ENGINE=InnoDB DEFAULT CHARSET=latin1;

--
-- Dumping data for table `tbl_year`
--

INSERT INTO `tbl_year` (`id`, `year`, `datetime`, `addedon`, `status`) VALUES
(2, '2019', '2021-11-28 14:51:09', '1638091269', 'inactive'),
(3, '2020', '2021-11-28 14:51:11', '1638091271', 'inactive'),
(4, '2021', '2021-11-28 14:51:13', '1638091273', 'active'),
(5, '2022', '2021-11-28 14:51:14', '1638091274', 'active'),
(6, '2023', '2021-11-28 14:51:16', '1638091276', 'active'),
(7, '2024', '2021-11-28 14:51:19', '1638091279', 'active'),
(8, '2025', '2021-11-28 14:51:20', '1638091280', 'active'),
(9, '2026', '2021-11-28 14:51:22', '1638091282', 'active'),
(10, '2027', '2021-11-28 14:51:23', '1638091283', 'active'),
(11, '2028', '2021-11-28 14:51:26', '1638091286', 'active'),
(12, '2029', '2021-11-28 14:51:28', '1638091288', 'active'),
(13, '2030', '2021-11-28 14:51:30', '1638091290', 'active');

--
-- Indexes for dumped tables
--

--
-- Indexes for table `tbl_admin`
--
ALTER TABLE `tbl_admin`
  ADD PRIMARY KEY (`id`);

--
-- Indexes for table `tbl_assign_audience_post`
--
ALTER TABLE `tbl_assign_audience_post`
  ADD PRIMARY KEY (`id`);

--
-- Indexes for table `tbl_assign_class_post`
--
ALTER TABLE `tbl_assign_class_post`
  ADD PRIMARY KEY (`id`);

--
-- Indexes for table `tbl_assign_section_post`
--
ALTER TABLE `tbl_assign_section_post`
  ADD PRIMARY KEY (`id`);

--
-- Indexes for table `tbl_attendance_check`
--
ALTER TABLE `tbl_attendance_check`
  ADD PRIMARY KEY (`attendance_check_id`);

--
-- Indexes for table `tbl_audience_type`
--
ALTER TABLE `tbl_audience_type`
  ADD PRIMARY KEY (`id`);

--
-- Indexes for table `tbl_city`
--
ALTER TABLE `tbl_city`
  ADD PRIMARY KEY (`id`);

--
-- Indexes for table `tbl_class`
--
ALTER TABLE `tbl_class`
  ADD PRIMARY KEY (`id`);

--
-- Indexes for table `tbl_class_assign`
--
ALTER TABLE `tbl_class_assign`
  ADD PRIMARY KEY (`id`);

--
-- Indexes for table `tbl_period`
--
ALTER TABLE `tbl_period`
  ADD PRIMARY KEY (`id`);

--
-- Indexes for table `tbl_post`
--
ALTER TABLE `tbl_post`
  ADD PRIMARY KEY (`id`);

--
-- Indexes for table `tbl_post_comment`
--
ALTER TABLE `tbl_post_comment`
  ADD PRIMARY KEY (`post_comment_id`);

--
-- Indexes for table `tbl_post_like`
--
ALTER TABLE `tbl_post_like`
  ADD PRIMARY KEY (`post_like_id`);

--
-- Indexes for table `tbl_saved_post`
--
ALTER TABLE `tbl_saved_post`
  ADD PRIMARY KEY (`save_post_id`);

--
-- Indexes for table `tbl_school`
--
ALTER TABLE `tbl_school`
  ADD PRIMARY KEY (`id`);

--
-- Indexes for table `tbl_section`
--
ALTER TABLE `tbl_section`
  ADD PRIMARY KEY (`id`);

--
-- Indexes for table `tbl_state`
--
ALTER TABLE `tbl_state`
  ADD PRIMARY KEY (`id`);

--
-- Indexes for table `tbl_student`
--
ALTER TABLE `tbl_student`
  ADD PRIMARY KEY (`id`);

--
-- Indexes for table `tbl_student_assignment`
--
ALTER TABLE `tbl_student_assignment`
  ADD PRIMARY KEY (`id`);

--
-- Indexes for table `tbl_student_attendance`
--
ALTER TABLE `tbl_student_attendance`
  ADD PRIMARY KEY (`student_attendance_id`);

--
-- Indexes for table `tbl_subject`
--
ALTER TABLE `tbl_subject`
  ADD PRIMARY KEY (`id`);

--
-- Indexes for table `tbl_subject_mark`
--
ALTER TABLE `tbl_subject_mark`
  ADD PRIMARY KEY (`subject_mark_id`);

--
-- Indexes for table `tbl_teacher`
--
ALTER TABLE `tbl_teacher`
  ADD PRIMARY KEY (`id`);

--
-- Indexes for table `tbl_timetable`
--
ALTER TABLE `tbl_timetable`
  ADD PRIMARY KEY (`id`);

--
-- Indexes for table `tbl_year`
--
ALTER TABLE `tbl_year`
  ADD PRIMARY KEY (`id`);

--
-- AUTO_INCREMENT for dumped tables
--

--
-- AUTO_INCREMENT for table `tbl_admin`
--
ALTER TABLE `tbl_admin`
  MODIFY `id` int(11) NOT NULL AUTO_INCREMENT, AUTO_INCREMENT=2;

--
-- AUTO_INCREMENT for table `tbl_assign_audience_post`
--
ALTER TABLE `tbl_assign_audience_post`
  MODIFY `id` int(11) NOT NULL AUTO_INCREMENT, AUTO_INCREMENT=26;

--
-- AUTO_INCREMENT for table `tbl_assign_class_post`
--
ALTER TABLE `tbl_assign_class_post`
  MODIFY `id` int(11) NOT NULL AUTO_INCREMENT, AUTO_INCREMENT=56;

--
-- AUTO_INCREMENT for table `tbl_assign_section_post`
--
ALTER TABLE `tbl_assign_section_post`
  MODIFY `id` int(11) NOT NULL AUTO_INCREMENT, AUTO_INCREMENT=26;

--
-- AUTO_INCREMENT for table `tbl_attendance_check`
--
ALTER TABLE `tbl_attendance_check`
  MODIFY `attendance_check_id` int(11) NOT NULL AUTO_INCREMENT, AUTO_INCREMENT=23;

--
-- AUTO_INCREMENT for table `tbl_audience_type`
--
ALTER TABLE `tbl_audience_type`
  MODIFY `id` int(11) NOT NULL AUTO_INCREMENT, AUTO_INCREMENT=4;

--
-- AUTO_INCREMENT for table `tbl_city`
--
ALTER TABLE `tbl_city`
  MODIFY `id` int(11) NOT NULL AUTO_INCREMENT, AUTO_INCREMENT=5744;

--
-- AUTO_INCREMENT for table `tbl_class`
--
ALTER TABLE `tbl_class`
  MODIFY `id` int(11) NOT NULL AUTO_INCREMENT, AUTO_INCREMENT=27;

--
-- AUTO_INCREMENT for table `tbl_class_assign`
--
ALTER TABLE `tbl_class_assign`
  MODIFY `id` int(11) NOT NULL AUTO_INCREMENT, AUTO_INCREMENT=29;

--
-- AUTO_INCREMENT for table `tbl_period`
--
ALTER TABLE `tbl_period`
  MODIFY `id` int(11) NOT NULL AUTO_INCREMENT, AUTO_INCREMENT=27;

--
-- AUTO_INCREMENT for table `tbl_post`
--
ALTER TABLE `tbl_post`
  MODIFY `id` bigint(20) NOT NULL AUTO_INCREMENT, AUTO_INCREMENT=128;

--
-- AUTO_INCREMENT for table `tbl_post_comment`
--
ALTER TABLE `tbl_post_comment`
  MODIFY `post_comment_id` bigint(20) NOT NULL AUTO_INCREMENT, AUTO_INCREMENT=110;

--
-- AUTO_INCREMENT for table `tbl_post_like`
--
ALTER TABLE `tbl_post_like`
  MODIFY `post_like_id` bigint(20) NOT NULL AUTO_INCREMENT, AUTO_INCREMENT=242;

--
-- AUTO_INCREMENT for table `tbl_saved_post`
--
ALTER TABLE `tbl_saved_post`
  MODIFY `save_post_id` bigint(20) NOT NULL AUTO_INCREMENT, AUTO_INCREMENT=177;

--
-- AUTO_INCREMENT for table `tbl_school`
--
ALTER TABLE `tbl_school`
  MODIFY `id` int(11) NOT NULL AUTO_INCREMENT, AUTO_INCREMENT=22;

--
-- AUTO_INCREMENT for table `tbl_section`
--
ALTER TABLE `tbl_section`
  MODIFY `id` int(11) NOT NULL AUTO_INCREMENT, AUTO_INCREMENT=12;

--
-- AUTO_INCREMENT for table `tbl_state`
--
ALTER TABLE `tbl_state`
  MODIFY `id` int(11) NOT NULL AUTO_INCREMENT, AUTO_INCREMENT=97;

--
-- AUTO_INCREMENT for table `tbl_student`
--
ALTER TABLE `tbl_student`
  MODIFY `id` int(11) NOT NULL AUTO_INCREMENT, AUTO_INCREMENT=54;

--
-- AUTO_INCREMENT for table `tbl_student_assignment`
--
ALTER TABLE `tbl_student_assignment`
  MODIFY `id` bigint(20) NOT NULL AUTO_INCREMENT, AUTO_INCREMENT=48;

--
-- AUTO_INCREMENT for table `tbl_student_attendance`
--
ALTER TABLE `tbl_student_attendance`
  MODIFY `student_attendance_id` bigint(20) NOT NULL AUTO_INCREMENT, AUTO_INCREMENT=303;

--
-- AUTO_INCREMENT for table `tbl_subject`
--
ALTER TABLE `tbl_subject`
  MODIFY `id` int(11) NOT NULL AUTO_INCREMENT, AUTO_INCREMENT=14;

--
-- AUTO_INCREMENT for table `tbl_subject_mark`
--
ALTER TABLE `tbl_subject_mark`
  MODIFY `subject_mark_id` bigint(20) NOT NULL AUTO_INCREMENT, AUTO_INCREMENT=88;

--
-- AUTO_INCREMENT for table `tbl_teacher`
--
ALTER TABLE `tbl_teacher`
  MODIFY `id` int(11) NOT NULL AUTO_INCREMENT, AUTO_INCREMENT=44;

--
-- AUTO_INCREMENT for table `tbl_timetable`
--
ALTER TABLE `tbl_timetable`
  MODIFY `id` int(11) NOT NULL AUTO_INCREMENT, AUTO_INCREMENT=35;

--
-- AUTO_INCREMENT for table `tbl_year`
--
ALTER TABLE `tbl_year`
  MODIFY `id` int(11) NOT NULL AUTO_INCREMENT, AUTO_INCREMENT=14;
COMMIT;

/*!40101 SET CHARACTER_SET_CLIENT=@OLD_CHARACTER_SET_CLIENT */;
/*!40101 SET CHARACTER_SET_RESULTS=@OLD_CHARACTER_SET_RESULTS */;
/*!40101 SET COLLATION_CONNECTION=@OLD_COLLATION_CONNECTION */;
